Genome	12C16O_0h_100_P08	12C16O_0h_100_P14	12C16O_0h_100_P16	12C16O_0h_50_P09	12C16O_0h_50_P10	12C16O_0h_50_P13	12C16O_168h_100_P08	12C16O_168h_100_P14	12C16O_168h_100_P16	12C16O_168h_50_P09	12C16O_168h_50_P10	12C16O_168h_50_P13	12C16O_24h_100_P08	12C16O_24h_100_P14	12C16O_24h_100_P16	12C16O_48h_100_P08	12C16O_48h_100_P14	12C16O_48h_100_P16	12C16O_48h_50_P09	12C16O_48h_50_P10	12C16O_48h_50_P13	12C16O_72h_100_P08	12C16O_72h_100_P14	12C16O_72h_100_P16
12C18O_168h_50_P13_coass_bin.28	8047	5841	9247	5960	14065	10677	9119	10378	10699	10119	18084	13505	8050	8888	8718	9305	9423	10625	9146	13895	16793	9814	11239	10839
12C16O_168h_50_P09_coass_bin.26	127087	146317	146104	73661	66627	44087	92205	115506	95145	66576	72038	35011	118448	135717	112893	120598	118993	113777	90880	52514	40391	124288	134151	113497
12C16O_24h_100_P16_coass_bin.6	148967	134482	135809	174332	100680	87013	73236	76220	59926	115642	70464	58208	86255	79609	79559	86937	92755	70950	146264	62157	76502	89533	82628	82801
12C16O_24h_100_P14_coass_bin.36	28953	21079	30102	29411	23717	23321	23080	22324	20229	25495	23473	21555	25029	26131	23091	24779	26607	24203	30736	18500	25664	25350	24718	23845
12C16O_168h_100_P08_coass_bin.16	6126	100	6493	8685	1960	2277	8016	4126	6608	11998	2443	2663	8252	7034	5197	7017	3217	8701	11846	1752	2815	6653	4061	6179
H3-16-all-fractions_metab_44.Cytophagales_44_0	90	11	100	98	140	122	328	229	400	309	325	367	118	158	182	134	132	270	182	201	316	241	188	220
H3-18-all-fractions_metab_maxbC_83.Verrucomicrobia_60_12	1326	494	1364	1016	1655	1720	1500	1582	1356	1873	1915	2310	1177	1171	1323	1124	1240	1178	1492	1374	2519	1398	1602	1180
12C16O_168h_50_P13_coass_bin.11	2087	2395	3752	1401	5692	7106	22483	27649	43042	17641	51586	52734	6916	12586	11144	11810	14317	19742	7817	31199	44954	14621	18041	22546
12C18O_168h_50_P13_coass_bin.5	64524	80222	73484	55568	78776	74959	67365	80566	78811	83386	93740	87347	77723	92911	83516	80795	87773	95925	99276	78679	113221	81757	97195	84944
H1-18-all-fractions_metab_conc_71.Actinobacteria_71_26	70239	89359	73107	81534	32141	52561	46240	63069	35900	55975	25650	35198	48962	53250	62481	46467	65426	42343	65145	20642	44907	49776	66886	47052
H3-18-all-fractions_metab_conc_4.Bradyrhizobium_62_18	57839	54791	70143	56909	61184	88632	66216	84936	70916	76299	76090	103959	58244	64474	68377	60697	73994	65735	74063	56844	114309	67773	81320	59620
H2-16-all-fractions_metab_conc_71.Burkholderiales_69_31	23000	24094	30212	21614	34964	35006	44362	41154	52875	56377	61485	57954	27444	38138	27358	35759	29046	41673	38178	40960	58886	39726	36603	39444
12C18O_48h_100_P16_coass_bin.34	40057	64448	102892	30083	46118	44619	38857	84161	68019	27933	48650	61000	40745	75384	68821	29948	63662	81783	25002	40272	56331	41493	71411	100396
12C16O_48h_50_P10_coass_bin.41	13418	15214	13937	5435	22619	20139	21938	25761	21853	10885	51533	33383	19184	20762	20437	19746	20429	20086	9771	33356	35729	21509	25765	20786
H3-18-all-fractions_metab_conc_87.Bacteria_55_12	18055	1530	19257	26208	7385	10985	17097	11527	13847	24233	7579	10940	17628	17216	12603	15627	9946	15408	24638	5410	11773	16600	11472	16422
12C16O_48h_100_P14_coass_bin.1	78136	57389	67938	78168	42813	42616	50111	43646	34702	54065	35377	30106	56095	51012	43972	54576	46401	42676	69337	27614	38794	56436	47147	45275
H3-16-all-fractions_metab_conc_118.Mycobacterium_smegmatis_66_0	130575	135848	181176	139751	127341	149153	122714	157931	153028	159317	142572	153878	140864	188685	152753	141061	181017	179888	193151	115064	181868	133792	171543	165026
12C18O_72h_100_P08_coass_bin.31	14218	1408	14322	18122	14502	10470	15827	15829	12983	20966	19309	13529	14012	13460	16052	12971	13178	12853	18985	12061	13901	13137	15331	12427
H2-16-all-fractions_metab_123.Actinobacteria_72_22	44807	45636	42289	49569	33243	29023	23367	25462	20081	33625	24237	20865	27911	26581	26066	27333	30796	23575	41457	21034	26994	28066	28341	26089
12C18O_168h_100_P16_coass_bin.36	10174	10178	18082	8893	7805	8413	11675	13696	18296	13665	11192	9876	13037	24772	15622	13569	15544	21076	15495	8820	11230	11918	15378	17501
H1-18-all-fractions_metab_conc_20.Bacteria_57_11	3308	266	3693	3526	1818	1812	3362	2256	3604	4759	2104	1946	3038	3946	2325	3061	2065	3855	4340	1563	2077	3075	2165	3791
12C16O_48h_50_unf_bin.11	7914	8761	9181	5861	14026	10742	6151	7689	6346	5902	12736	9872	5508	6761	6799	5105	6712	5533	8038	12719	14482	6055	7833	6127
H3-16-all-fractions_metab_conc_60.Gemmatimonadetes_63_0	15720	9878	18164	14625	11856	9537	19077	19722	17259	21458	20536	13732	20885	23633	21357	20847	24155	22257	26558	15664	16739	20854	23124	20489
12C18O_168h_100_P16_coass_bin.19	30238	8610	23226	41475	28567	5452	18268	10841	16048	33547	25540	5374	20311	20032	11723	18152	13181	19226	42648	19433	5295	19982	12687	15372
H3-16-all-fractions_metab_conc_1.Bacteria_58_0	12455	2171	10637	13910	9209	11748	15550	10207	9283	20539	13361	13071	11492	9670	9624	10603	7633	9797	15511	8428	14962	12088	8512	9210
12C16O_168h_50_unf_bin.34	25253	16559	25561	26629	20084	19373	21747	19231	18370	37957	30431	26177	22412	22533	19831	23191	22845	21872	27679	16019	22104	22831	20944	20470
12C16O_48h_50_P09_coass_bin.3	8800	5367	8433	10748	1996	3111	11116	7163	8931	18923	2800	4031	14273	12839	9534	14224	9499	10573	23771	2205	4658	11421	8982	8909
H1-16-all-fractions_conc_50.Massilia_sp__JS1662_67_10	9232	7884	12467	7782	10494	11342	47146	45997	54195	69222	30925	26164	21906	87571	18234	37848	38702	122102	66175	18906	31686	50151	46436	69163
12C18O_24h_100_P08_coass_bin.27	12048	10358	11850	9455	16223	13063	14520	14090	13123	15670	22011	16909	11820	11053	11191	13085	12132	12007	13256	15975	19350	14400	13896	11686
12C16O_48h_50_P09_coass_bin.2	3676	3861	5490	4184	4194	4822	21217	21432	28275	31591	20451	22374	7395	10849	9651	11134	13175	15736	17079	14205	18789	14812	15572	17429
H2-16-all-fractions_metab_conc_43.Acidobacteriales_58_14	6958	1815	8148	9337	3266	5553	9274	10103	8420	14573	5268	7657	6521	7721	7335	6811	8592	8515	12258	3392	7639	8479	8923	8817
12C16O_48h_50_P10_coass_bin.30	37333	10388	25083	50776	32018	6136	21956	12407	17576	41869	29762	6477	24480	22125	13636	22515	15653	21389	52969	21628	6166	24488	14703	16931
H2-18-all-fractions_metab_36.Geodermatophilales_73_36	428159	503789	396261	380130	458880	405523	431525	471943	426626	609970	553506	483164	490937	511782	453589	507619	501836	517926	743967	482284	653917	523278	548078	478415
12C16O_48h_100_P14_coass_bin.33	9046	8257	12198	9289	6640	7042	10841	11059	11943	13869	8604	7993	12079	16477	12881	12679	13196	14362	15916	6391	9420	10951	12696	12274
12C16O_72h_100_P16_coass_bin.26	3599	188	4892	4780	3648	2654	4147	7435	4152	5852	8105	2648	6974	4391	3724	4091	3422	4893	6652	3568	2594	3938	6138	7176
12C16O_0h_100_P08_coass_bin.5	98141	85382	90647	71707	137448	115010	114061	111176	95336	123367	184330	151334	91129	82269	87731	95100	89368	82189	99963	128852	161628	105664	102964	81984
12C18O_72h_100_P14_coass_bin.20	1062	54	1372	1479	853	506	1429	1118	1276	2176	1215	661	1388	1390	1464	1414	1051	1595	2180	991	672	1173	1231	1383
H1-16-all-fractions_metab_conc_68.Ktedonobacter_racemifer_52_21	7092	780	7766	5668	4787	9480	4880	5811	5206	4852	3931	8128	7051	6537	7805	7321	10106	7143	9880	4032	8469	5821	6959	8701
H3-16-all-fractions_metab_maxbC_4.Bacteria_48_0	70	17	58	42	82	100	398	196	630	712	360	521	138	158	104	264	85	418	280	324	564	417	124	390
12C16O_24h_100_unf_bin.5	194240	189314	280633	154617	267231	281748	241727	323937	321528	268808	356886	376698	206547	301132	242860	225002	254868	287803	247396	268794	427530	245141	295380	256379
12C16O_48h_100_unf_bin.21	1808	948	2861	1435	3152	1479	3334	4060	3934	3124	7266	2615	3645	5444	5003	5703	9170	7651	3802	6152	3279	3481	4944	4460
12C18O_24h_100_P16_coass_bin.26	858	656	1680	665	1605	655	1492	2058	2060	1168	3700	940	1637	3165	2563	1644	3003	2644	1601	3173	1403	1454	2555	2477
H2-18-all-fractions_metab_conc_56.Bacteria_56_17	7488	929	5882	9055	6529	7251	7827	9026	5866	13038	8895	9885	6852	5550	7606	6545	7982	5626	11241	5554	9851	7832	10343	6320
H2-16-all-fractions_metab_conc_17.Alphaproteobacteria_61_12	14233	6820	15110	14560	13376	16722	16447	19073	16345	20694	17091	20614	14483	14523	15426	15437	16845	15270	19719	12628	23050	16075	18239	14495
H3-16-all-fractions_metab_conc_100.Burkholderiales_71_0	13015	16397	18104	11295	19461	24296	25725	28517	34784	33978	36124	42278	15839	22040	17470	20406	18227	24880	21920	23630	36842	23115	23050	23520
12C16O_48h_100_unf_bin.36	1808	65	1984	2487	1090	727	2180	1636	1949	3044	1449	867	2013	2146	1992	4800	3659	5487	3381	1083	1020	1846	1878	2074
H2-18-all-fractions_metab_maxbC_80.Verrucomicrobia_59_11	835	176	909	977	848	888	928	752	687	1077	852	889	851	820	762	777	595	793	940	682	1171	794	784	783
H1-16-all-fractions_metab_conc_39.Actinobacteria_66_10	13403	12316	11805	15673	10077	11056	10572	10682	8601	13230	9168	9398	12434	10695	10226	12058	11931	9628	16742	7636	11144	11859	11721	9103
12C18O_168h_50_P13_coass_bin.4	45913	54236	64296	43057	70237	35541	30222	36748	34952	32863	53025	27333	31704	46186	38646	31087	38300	39712	38392	42728	31832	31518	41266	43134
12C16O_48h_50_unf_bin.28	21685	13701	24736	23051	23732	19410	20825	22331	20490	25987	25982	20646	21572	23113	22300	21413	23619	22606	32208	22619	26261	22035	25380	22492
12C16O_168h_50_unf_bin.52	32968	7969	39062	18194	49937	53885	52474	56164	51754	57975	105649	108045	38341	43352	38295	43281	32276	48096	30960	49707	71866	45560	45487	41818
12C16O_72h_100_unf_bin.14	8388	7667	11021	3574	11801	11130	6630	12152	7708	4574	14301	12514	6240	7798	10246	7305	12296	8785	4274	8653	12523	10570	21836	12817
12C18O_168h_100_P14_coass_bin.30	32553	29185	34440	31184	38014	25444	24425	23550	23093	26624	32234	21047	30248	30981	25269	29168	27297	28091	34834	27862	26364	29835	27732	28022
H1-18-all-fractions_conc_108.Bacteria_69_11	53843	89935	68265	74140	23081	42349	42483	87006	40352	72192	20873	45330	45127	45758	73596	35919	81944	37393	65086	16458	34537	39904	86724	34284
12C16O_48h_50_P10_coass_bin.27	14894	13346	15572	11059	22194	17286	16456	17258	15777	17521	28605	21971	13417	14035	13991	14698	14808	14966	15146	21224	25543	16103	16496	14409
12C16O_24h_100_P08_coass_bin.7	69851	52579	55773	33620	116841	72659	63797	61330	48441	45907	133117	78050	71915	60912	51321	80475	55049	57659	60907	112911	95890	84378	66425	59580
12C16O_168h_50_unf_bin.22	77276	18965	76054	47137	78520	78602	94066	84389	78887	77223	126916	104059	68251	65683	72244	67385	67910	62979	53506	65100	88474	78332	79127	64272
12C16O_168h_50_P09_coass_bin.27	97533	116855	108626	109600	128253	115213	58546	85050	50655	68812	98695	79318	63275	72266	84843	58225	88726	60725	82215	77710	105046	64250	93151	66566
12C16O_48h_100_unf_bin.19	89051	15072	38342	29877	31277	46868	36650	40854	131501	47246	84262	63531	53203	95476	28254	84753	29359	264539	36375	27298	71417	35974	38767	56216
12C18O_72h_100_P14_coass_bin.18	85917	82087	81802	94555	69652	59056	46117	51972	40863	67933	52023	42836	54352	53952	52600	53953	60146	47705	84110	44059	55065	55284	56903	54037
12C16O_168h_50_P09_coass_bin.9	22187	28641	35935	22799	29655	27100	173188	200380	245802	219773	202561	166869	49052	79669	84247	75062	115917	111100	109329	126648	128311	109585	136244	132511
12C18O_72h_100_P08_coass_bin.25	11311	7884	11292	11536	8678	8730	9845	9010	8124	10607	9868	8717	9867	9648	8883	10131	10001	9362	11918	7314	10355	10121	9166	8734
12C16O_168h_50_P10_coass_bin.16	10351	411	11828	16109	16072	7497	13534	13633	12598	21365	22936	9202	13037	13879	15851	13810	13662	15929	23306	17949	10331	12435	15058	13343
12C16O_168h_50_P13_coass_bin.12	5539	6290	8457	6010	7368	8090	35324	40059	51863	50325	39782	43122	11618	18401	18207	17393	24195	26493	26040	25967	33977	24157	28436	29799
H1-16-all-fractions_metab_31.Corynebacterium_durum_57_11	913	82	1085	805	1046	1132	853	1006	947	1120	1263	1183	900	1029	1009	888	1100	1069	1115	919	1415	909	1219	1052
H3-18-all-fractions_metab_conc_25.Acidobacteria_57_11	6454	1250	8019	8859	3092	6013	7884	9541	7398	10772	4155	7701	5629	6375	7243	5878	8470	6839	9156	2810	7491	6781	8702	7412
H3-16-all-fractions_metab_conc_38.Bacteria_65_0	49523	26051	38326	35080	37478	20854	87992	53406	54255	82332	86895	38188	64575	44522	40855	66199	47260	42499	69594	58558	41381	69257	45047	39537
12C16O_72h_100_P16_coass_bin.33	176003	90040	393570	205896	262318	123478	143587	163652	253764	185423	230225	100267	164175	352566	193079	162048	189210	340492	221066	179654	129777	160351	209811	325463
12C16O_48h_100_P14_coass_bin.26	1901	78	2168	2725	1402	825	2330	1842	2085	3316	1810	951	2228	2321	2321	2451	1839	2758	3902	1410	1082	2232	2124	2180
H1-18-all-fractions_conc_122.Actinobacteria_70_12	160934	187739	205187	169329	175622	133160	78746	95096	78788	99524	112779	85295	92833	115337	99976	87141	118565	100504	125350	94774	111051	93691	106214	114087
H3-16-all-fractions_metab_148.Actinobacteria_72_0	167155	216032	183743	154768	170016	170777	111579	137866	104806	128401	135052	128603	124462	139998	140601	121040	146779	120620	155179	115057	160528	129624	155252	127484
H3-16-all-fractions_metab_conc_46.Alphaproteobacteria_61_0	1145	534	1087	1317	1074	1339	1352	1877	1241	1980	1623	1783	1012	1016	1271	1009	1226	1081	1439	1013	1863	1110	1355	1048
12C16O_48h_50_P10_coass_bin.25	136608	174551	241493	172603	410553	167686	84287	115021	116437	104690	313995	118497	97921	182036	128877	95328	132798	153686	141594	266974	149726	98131	133626	166405
12C16O_72h_100_unf_bin.16	1368	1414	2124	784	2599	3212	14217	15008	24399	11806	23206	24334	4316	6863	5855	7021	7384	10746	5150	13235	19489	12543	14044	17763
H3-16-all-fractions_metab_maxbC_112.Burkholderiales_62_0	1607	895	1585	1593	1410	1640	14179	5386	9503	20523	5933	4960	2842	4735	1768	3966	2879	8261	7104	2621	3518	7320	3341	8032
12C18O_24h_100_P08_coass_bin.24	2305	37	2076	3076	668	880	2943	1324	2171	4030	758	943	2793	2314	1901	2540	1273	2914	4497	569	950	2362	1503	1979
12C16O_48h_50_unf_bin.12	13540	13500	15461	12351	22680	13830	10017	10977	10129	10638	18995	11111	12007	13316	11615	11677	12604	12282	18568	20862	17417	11906	13036	12301
12C18O_168h_50_P09_coass_bin.24	8135	4621	8420	9230	2896	3682	9907	7401	8343	15589	4077	4674	11994	11708	8932	12289	8685	10273	18683	3012	5116	9951	8403	8500
12C16O_168h_50_unf_bin.37	12606	14933	15637	9982	22276	17554	10159	12142	9869	12137	27220	19947	9772	11030	10959	8451	10679	9231	9371	13042	15275	9522	12376	10144
12C16O_48h_100_P08_coass_bin.21	8944	6832	9051	10690	3611	4452	10901	8032	9372	17028	4203	5104	14002	13058	10344	13815	10555	11458	21538	3591	6188	11256	9538	9884
12C18O_48h_100_P08_coass_bin.18	10056	2762	7466	10761	3245	4951	18826	10734	10394	23685	6447	7348	20821	14209	13666	20621	13493	12804	30140	5726	10659	19246	12291	11947
12C18O_168h_100_P14_coass_bin.8	49653	51787	63948	51993	48665	40938	31754	36081	31640	34997	36455	27237	35373	46399	38451	34361	39478	39396	42593	29196	34079	36041	39862	42059
H1-16-all-fractions_metab_conc_20.Bacteria_65_10	16170	8506	17983	18010	14562	15192	17608	18128	17863	23251	19216	18868	15945	18082	16386	14810	18608	16342	22347	12351	18562	17224	17746	18124
12C16O_0h_100_unf_bin.13	20950	18751	28449	9584	3894	5224	11228	10180	13661	16009	5514	6210	13582	19703	12815	13851	13359	16976	19482	4713	7466	11515	11648	13286
12C16O_168h_50_unf_bin.47	59282	49718	63855	55052	74139	46667	43128	39653	40953	53627	74190	44407	53487	56183	44372	50847	47331	50189	58964	53446	46513	51258	48935	49630
12C18O_168h_50_P10_coass_bin.9	2057	55	2379	2545	2031	934	2671	2440	2637	3454	2711	1354	2666	2502	3025	2732	2086	2819	3610	1999	1564	2284	2593	2555
12C18O_168h_50_P13_coass_bin.13	15021	3931	17978	8008	23316	24206	24064	26308	23551	17707	33357	34274	17396	19558	17607	19576	14952	21532	12996	21092	31000	20462	21147	19442
H3-16-all-fractions_metab_conc_10.Gemmatimonadetes_68_0	6840	8684	6717	5754	7718	6610	10075	16427	10090	14705	13005	11622	8966	9838	12954	9271	16212	9416	13931	10861	12398	9790	16219	9044
12C16O_48h_100_unf_bin.8	14949	12141	18910	14959	10153	10803	16087	16056	17529	20622	11829	11170	18807	23876	18076	31671	30142	34582	25362	9774	13833	17065	17667	18032
12C16O_48h_100_P08_coass_bin.5	4227	79	4340	6082	1496	1524	5438	2735	4232	7822	1784	1751	5522	4694	3728	5130	2517	5630	8146	1256	1814	4374	2988	4007
12C16O_168h_100_unf_bin.37	2538	62	2652	3887	810	918	7774	3884	6110	4741	959	1126	3494	2893	2359	3109	1405	3336	4913	647	1167	2641	1808	2518
12C18O_72h_100_P14_coass_bin.22	857	740	1210	588	1459	1609	5767	6399	9644	5075	10117	10528	1959	3290	2658	3038	3432	4890	2358	6011	8793	3922	4040	5240
H1-18-all-fractions_metab_conc_17.Bacteria_55_30	41798	3186	43336	59276	16693	24036	38658	25184	32491	55538	17215	24489	40832	39950	28929	36034	22239	35783	57084	11680	26440	37257	26776	36087
12C18O_168h_100_P16_coass_bin.34	5351	3660	6864	6574	7118	5485	5965	7859	6423	8302	9011	6706	4891	6702	7351	5235	7153	5975	7506	5182	6275	5480	8508	6569
12C18O_168h_50_P10_coass_bin.8	9222	11405	11953	7370	18162	14007	7552	10100	7991	7363	16593	12342	6872	8645	8714	6360	8493	7421	7003	11092	12006	7018	9996	7891
12C18O_168h_50_P13_coass_bin.12	79506	80070	77963	88587	66272	55641	42832	47752	36426	60182	48098	39746	49596	48473	49102	48857	55119	43270	76053	41249	50596	51163	52176	48405
12C16O_0h_100_unf_bin.12	78023	50578	74137	62361	41534	39071	47614	38706	38104	52458	41903	36568	50688	48171	40459	50768	46996	45511	61556	32334	41859	50115	42299	42515
12C16O_48h_100_P14_coass_bin.3	16320	14690	16501	13121	22418	18230	18543	19047	16348	20275	28818	23389	15266	14818	15593	16091	16843	15230	17235	21329	26448	17718	18427	15099
12C16O_72h_100_unf_bin.1	9234	7275	11697	8692	5311	5691	10506	10477	11518	13363	6947	6827	12117	15962	12115	11843	11550	13813	15650	5388	7777	21423	21781	23103
12C16O_48h_50_P10_coass_bin.43	31647	24319	37255	31655	59126	34631	23295	32705	23235	28425	48123	25280	26419	31493	35774	27928	38282	28993	36849	43198	35478	27491	41337	30579
12C18O_48h_100_P08_coass_bin.19	58157	45248	51501	58907	32994	31633	37378	33007	26380	40205	26237	22579	42331	38339	33910	40306	34575	32071	50433	20870	29083	41977	36232	34146
H3-16-all-fractions_metab_conc_36.Acidobacteriales_61_0	981	390	1148	962	751	1083	1187	1262	1350	1419	1264	1352	1050	1229	1055	981	1116	1167	1302	862	1338	1102	1353	1177
12C18O_48h_100_P16_coass_bin.36	2407	2028	3212	2328	3301	3550	20481	18616	26293	30907	21925	23454	6113	8033	7820	10261	10555	13455	15922	13906	18630	14522	14149	15239
12C16O_24h_100_unf_bin.14	30938	18577	34796	24799	37340	33192	24749	32229	23888	24985	39826	33535	31932	34765	41479	26414	33523	27905	27235	28385	36910	26354	35963	27934
H3-16-all-fractions_metab_conc_6.RIF_CHLX_71_0	44316	43918	38994	44247	34974	28013	31205	31604	24584	37841	28763	21279	30592	30493	28797	29177	31601	23079	37547	20888	23387	31815	31787	25904
12C18O_48h_100_P08_coass_bin.5	2510	2749	3613	2770	2671	3260	14225	13545	18616	20658	13017	14919	4803	7078	6195	7341	8648	10045	11088	8897	12051	9899	10264	11097
12C16O_168h_100_unf_bin.3	12669	8546	16663	16559	18329	11488	18267	22710	19360	20779	22502	14479	11493	15491	17207	11859	16843	14428	18304	13950	13209	12781	18849	15664
12C16O_168h_100_unf_bin.19	95949	97526	125295	101017	94128	75682	62964	69453	65109	67271	70819	51545	68686	91106	73701	65709	75520	76450	82017	56819	63922	69144	76221	83523
12C16O_48h_50_P09_coass_bin.1	16975	13574	16452	13394	21547	17669	19647	18861	17103	22155	28579	23129	16165	14902	15114	16829	16500	15382	18656	20439	26468	19035	17795	15505
H3-16-all-fractions_metab_conc_77.Bacteria_60_0	1184	212	1274	1349	1133	1140	1309	1016	1009	1611	1265	1405	1221	1120	1095	1213	910	1164	1516	1007	1514	1232	1046	1122
12C18O_168h_50_P09_coass_bin.25	9696	7922	9748	7961	12105	10311	11869	14689	11409	13425	19369	13757	12293	9799	9345	10287	10535	10375	12246	12497	15308	11062	11471	10174
12C18O_72h_100_P16_coass_bin.24	761	543	1632	561	1526	614	1690	2221	2346	1377	3765	1139	1774	3254	2808	1769	3170	2807	1569	3386	1470	1646	2480	2460
H1-16-all-fractions_metab_conc_1.Actinobacteria_71_32	178506	181346	182821	167672	149208	139256	111687	120741	95123	119570	113863	99198	128562	133181	126838	121341	130562	110274	147265	94831	119060	128697	136017	117047
12C18O_168h_100_P14_coass_bin.33	1242	1317	1966	1084	2271	2836	10838	12124	19367	10162	17885	19165	3397	5602	4922	5344	6303	9010	4961	10376	15326	6856	7698	9628
12C16O_24h_100_P14_coass_bin.34	6123	5105	9230	6455	3361	4211	7120	7057	8703	9884	4636	4878	8801	13187	9110	9154	9447	11548	12378	3703	5611	7725	8508	9039
12C16O_168h_50_P09_coass_bin.24	8805	6017	10721	11144	11558	7701	8959	10377	8872	13285	13474	9541	7944	10103	10698	8175	10794	9492	12371	8358	8914	8914	11710	10627
H1-18-all-fractions_metab_conc_22.Bacteria_59_8	5905	1017	4634	6719	5021	5352	8152	5211	4628	11275	7345	6427	5778	4527	4663	5522	4070	4380	8390	4886	7143	6285	4648	4245
12C16O_72h_100_unf_bin.38	16252	10772	16614	16155	13238	12821	14101	13344	12884	15621	14668	13898	14214	14583	13102	14368	14965	13894	16920	10752	15415	23213	20234	20297
12C16O_24h_100_unf_Bacillales_marker_41_19	524	18	684	686	524	418	649	720	1133	952	1115	403	5034	4587	1326	3310	912	4868	3597	858	1114	1830	2307	3015
12C16O_168h_100_P14_coass_bin.8	26351	23485	26069	20371	35866	30405	32217	32154	28122	34111	49188	40590	24982	23198	24826	25814	26080	24557	28198	35068	44016	29620	29843	24721
12C16O_168h_50_P10_coass_bin.17	38472	36705	43184	35773	61287	34448	27017	27632	27471	28516	49554	27883	34189	37777	30979	32520	32825	33069	37752	43040	33206	33336	34119	33042
H2-16-all-fractions_metab_138.Actinobacteria_69_25	26324	36664	30225	28679	47113	37036	16180	28419	14695	18727	30181	27613	19280	20733	30018	18812	32424	18287	24304	27740	34043	19382	33321	18245
H2-16-all-fractions_metab_conc_131.Actinobacteria_71_27	23578	28431	23486	21843	24561	33792	21998	26987	18969	25027	24764	30555	21548	21111	23746	21680	26270	20509	26231	20133	36043	23943	29030	20696
12C16O_72h_100_P14_coass_bin.22	231862	273177	193838	233157	173728	149541	91410	168911	57753	112879	92183	91398	114872	85213	181820	101774	189654	67848	137810	70450	112381	109365	190263	85731
12C16O_168h_100_unf_bin.21	23185	19460	23298	18631	32588	26840	32975	33608	30251	29950	43634	35301	22206	22412	22341	23955	23742	23113	25680	30651	38641	26610	26668	22765
12C18O_168h_100_P14_coass_bin.20	1844	53	2205	2829	978	1231	2108	1542	2200	3555	1188	1162	2604	2434	2066	2109	1340	2842	3682	786	1305	1763	1707	2077
12C18O_168h_50_P09_coass_bin.21	162070	74856	131597	172524	96978	126547	151708	152504	105628	181563	104596	124975	152110	119423	152397	164731	167548	120783	212579	85495	153840	161780	171932	113494
12C16O_48h_50_unf_bin.17	2398	1653	3750	1887	5863	2454	4449	5491	4638	3615	12227	3980	4933	6705	7668	4712	8265	5869	6438	20491	8103	4526	7068	5223
12C18O_48h_100_P08_coass_bin.32	73280	73405	82301	40011	39480	25600	53923	64878	53205	35090	43190	20544	68702	75046	62291	68807	64557	64812	46067	30123	23771	70858	73010	64545
12C16O_24h_100_P16_coass_bin.18	64569	50499	75453	66719	54707	62098	57378	63245	54143	62993	61324	63489	58284	63929	63687	57988	66352	60773	72623	44640	74066	59789	65292	58624
H2-16-all-fractions_metab_121.Acidobacteria_65_12	6605	3107	6747	6274	6701	5016	10491	7750	8179	10246	11719	7046	8628	7785	6695	8617	6809	7249	9099	7697	7440	8909	7175	7156
12C16O_0h_50_P09_coass_bin.5	65486	46338	58912	70687	31664	27551	41888	30328	30809	49451	25768	20057	41836	42408	30218	40793	31797	33720	54078	18843	21200	43048	32877	37601
12C16O_168h_100_P16_coass_bin.28	52822	55521	220949	51761	78785	42149	72185	122565	199585	78719	142907	66677	48670	158815	72690	51480	87606	201613	60496	103520	72029	66254	101444	212554
H1-18-all-fractions_metab_conc_19.Rhizobiales_64_12	29152	17298	29758	28262	25628	21628	25992	27857	22626	28524	26644	22006	23329	24375	26178	23674	27920	21238	27574	18103	22943	24029	28808	22621
12C16O_0h_100_P16_coass_bin.2	31742	34848	37446	22410	63437	49491	26317	32637	25836	23844	56614	43388	24540	27085	27802	21683	25669	22621	21872	35716	40617	24022	30720	24178
H3-18-all-fractions_metab_8.Gemmatimonadetes_73_36	22723	23803	29360	18767	24785	27632	29751	36683	32287	34773	40471	37142	26591	35233	32124	28096	38071	35432	35179	31807	42964	28436	36105	33585
12C16O_48h_100_P14_coass_bin.34	24082	16325	24085	25208	18820	18507	19622	18495	16666	21934	19144	17482	20815	20501	19142	21014	21398	20404	25285	15073	20601	21221	20247	18944
12C18O_48h_100_P08_coass_bin.1	327077	166767	409638	369472	351347	340641	307156	349706	335782	399525	398441	348807	364617	451312	385442	373234	384548	413428	495513	342439	429661	362916	423047	415482
12C18O_168h_50_P10_coass_bin.12	59621	6356	59786	71869	74224	45431	69278	73783	55795	85537	97898	60726	58500	57010	70738	54743	60149	51085	74617	60866	61884	57349	68736	53395
H2-18-all-fractions_metab_conc_57.Sphingobacteriales_44_10	1245	43	1351	1021	1347	1237	4136	3662	5018	5356	4487	3932	2323	2383	2065	2785	1939	4012	3458	2810	3734	3091	2638	3933
12C16O_48h_100_P14_coass_bin.7	2333	1493	4233	1706	5372	2316	4142	5581	5109	3086	11304	3515	4622	7510	7642	4625	8305	6710	3875	10971	4629	4393	7192	5954
12C16O_0h_50_P09_coass_bin.29	47338	32065	62494	62430	74387	40153	52258	62666	54138	77733	85497	50156	43569	57192	61249	44806	61876	54079	69375	54890	46103	46983	67356	58272
12C18O_168h_100_P16_coass_bin.30	1587	32	1887	2474	547	688	2109	1195	1944	3222	688	787	2126	1946	1535	1876	1093	2362	3190	473	721	1712	1277	1678
12C18O_168h_50_P13_coass_bin.16	1081	36	1289	1583	1083	545	1446	1306	1521	1986	1498	684	1309	1448	1551	1418	1150	1611	2178	1063	730	1243	1407	1419
12C16O_48h_50_unf_bin.7	16451	4123	19813	9152	25505	26788	26743	28669	26528	19592	36351	36939	18704	21839	19776	21568	16685	24440	26314	42318	58632	22917	23449	20901
12C18O_24h_100_P14_coass_bin.6	1030	42	1235	1492	1026	587	1236	1269	1242	1893	1297	621	1384	1317	1327	1352	1112	1607	2137	982	761	1184	1254	1230
12C18O_48h_100_P16_coass_bin.25	1663	1288	2849	1369	2697	1309	2181	2942	3261	1855	5168	1675	2407	4623	3706	2517	4120	3859	2311	4285	2218	2233	3572	3432
12C16O_168h_100_unf_bin.25	4273	2796	7224	2768	7473	2659	12609	17084	17874	6308	17099	4463	9133	15083	13058	9052	14463	12916	8280	16044	6292	8297	11979	11446
H2-18-all-fractions_metab_conc_98.Propionibacteriales_71_10	29020	40779	37773	23423	43204	50012	32702	42733	37059	32421	47609	52518	26759	34412	32414	26347	38869	32418	32009	36620	63655	33269	44771	41857
12C16O_24h_100_P16_coass_bin.20	2892	227	3157	4314	1123	1229	4148	2320	3943	5806	1640	1578	4168	3644	2765	3676	1947	4858	5661	1152	1616	3537	2251	3555
H1-18-all-fractions_conc_3.Bacteria_68_14	63766	52817	54321	78001	31144	55384	71346	61716	50115	94862	38583	62644	65797	53735	54618	62339	61859	48840	95973	27370	60876	70813	64359	50376
12C16O_168h_100_P16_coass_bin.10	24708	21262	23892	18511	34438	27171	29112	28645	26274	31180	47086	37593	22990	22975	22998	23989	24103	23446	26076	33410	40057	27003	27230	23416
12C18O_168h_50_P13_coass_bin.3	38610	39677	50845	40366	38254	32052	24862	27434	25040	26623	29033	21321	27989	36874	29421	26796	30420	30773	33080	23123	26660	27737	31115	33192
H1-18-all-fractions_metab_conc_47.Burkholderiales_71_15	30324	36446	41866	26872	45517	55675	61477	67484	82070	79858	85357	98793	38181	53665	41306	49047	43993	61905	51809	55657	88227	55988	55723	57309
12C16O_48h_50_P13_coass_bin.24	39657	56366	48356	41622	82977	283983	24172	41181	22427	28524	52980	184290	29497	33002	44031	28691	45038	28207	36216	47337	233255	29036	46700	29070
H2-16-all-fractions_metab_conc_137.Bacteria_60_16	2730	785	2749	2257	3096	3205	3018	2858	2408	3401	3677	4170	2492	2393	2600	2198	2330	2481	2671	2430	4593	2555	2911	2375
12C16O_0h_50_P09_coass_bin.11	28668	17667	28048	33142	22185	20622	25467	20597	20026	27780	22151	19421	26627	24751	21571	27142	24445	23573	32534	17065	22357	26633	22408	22401
H2-16-all-fractions_metab_conc_65.Actinobacteria_69_12	4662	4498	5023	4691	4198	4299	2977	3390	2508	3715	3323	3172	3519	3562	3582	3404	3793	3189	4239	3056	4087	3506	3878	3224
H1-16-all-fractions_metab_conc_28.Actinobacteria_70_20	98021	96889	95675	98167	93494	74026	57124	60896	47291	66484	66609	50628	69572	68083	65804	66774	71778	58168	85532	58834	64554	68946	70414	62058
H1-16-all-fractions_metab_conc_65.Bacteria_66_15	130507	80524	105260	90741	114225	63269	247905	175485	167692	228129	272100	120647	173738	134827	130004	184437	154626	134733	184612	178562	133100	195771	153627	129226
H2-18-all-fractions_metab_conc_15.Gemmatimonadetes_61_16	1722	635	1677	1630	1406	1054	3743	3070	2643	4914	3303	2053	3325	3207	3578	3630	3679	3119	5267	3124	2788	3374	3444	2886
12C16O_24h_100_P14_coass_bin.30	113933	129475	171174	102165	176989	73333	72477	85155	89701	74439	130654	53517	77113	122284	94369	75489	89617	102354	85464	103395	61365	75634	96635	109869
12C16O_48h_50_P10_coass_bin.20	3808	2107	6905	3066	10998	4765	7216	10627	9241	5787	23896	7767	7706	12150	13940	7532	15528	10369	6119	22135	9791	7324	12681	9602
H1-18-all-fractions_metab_conc_10.Actinobacteria_67_14	12889	12536	11241	15221	8471	9244	7535	9956	5979	9931	6831	7117	9108	8343	11296	8506	12506	7585	12757	6165	9787	9073	11411	7400
12C16O_72h_100_P16_coass_bin.36	5112	5313	16723	3688	6427	11258	13265	19442	32955	12807	20045	48702	5242	7549	6407	6157	8322	11142	6234	10098	27266	9348	11261	208570
12C16O_24h_100_unf_bin.28	2357	1294	3628	1687	3807	1601	4069	4366	4426	3500	8388	2482	7507	11883	10409	4881	6875	6133	4371	8058	3384	4290	5978	5181
12C16O_24h_100_P08_coass_bin.20	19033	16034	18020	14837	24570	20268	21332	20224	18323	23104	31913	25783	17918	17177	16770	19132	17732	16969	20112	23111	28483	20833	19984	17173
12C18O_168h_100_P08_coass_bin.27	2058	1695	2792	1488	3238	4024	18865	18887	30120	15521	28061	28847	5671	8497	7301	9138	8918	13180	6673	15853	22620	11896	11708	15453
12C16O_72h_100_unf_bin.12	1412	670	1898	998	2040	906	2681	2721	2813	2186	4775	1544	2947	3799	3553	2948	4001	3381	2766	4327	2039	5300	6743	5949
12C18O_48h_100_P08_coass_bin.24	2761	91	2667	3954	847	1066	3528	1954	2867	5130	1111	1198	3623	3187	2397	3352	1611	3365	5368	790	1411	2941	1922	2550
12C16O_24h_100_P16_coass_bin.1	4529	3273	8433	3888	7134	3610	7461	9297	10303	6835	15215	5601	7209	14071	11503	7489	12282	12772	7724	13221	7227	7594	11485	11637
12C16O_168h_50_P09_coass_bin.21	24139	19806	23633	18822	31059	26175	27149	27285	24236	30432	41482	34287	22568	21214	21837	23813	23310	21905	25883	30079	38428	26507	25961	21516
12C16O_168h_50_unf_bin.24	1166	795	3277	2007	1705	3109	4791	2334	3518	2054	205589	5021	1666	6051	1721	4268	2815	2763	2141	1138	3477	2644	5507	2791
12C16O_48h_50_P13_coass_bin.25	2554	2600	3689	2538	2830	3345	13750	14473	19729	20618	13775	17356	4387	7208	6695	6919	9065	10796	11148	9168	14257	9709	10671	12088
12C16O_168h_100_P08_coass_bin.11	207992	271490	238000	235069	305033	264259	125024	197720	107636	143605	230983	181570	130563	156591	190176	120515	199208	127376	170282	182621	243613	131828	209212	141710
H3-16-all-fractions_metab_conc_40.Bacteroidetes_44_0	70	6	58	46	38	54	1042	376	741	1593	209	648	70	83	64	104	74	154	102	98	182	202	80	193
12C18O_24h_100_P08_coass_bin.18	12295	7549	11637	12341	9480	8833	10300	8841	8403	11246	9603	8836	10476	10171	9160	10782	10523	9474	12925	7310	10023	10900	9332	9013
H3-16-all-fractions_metab_maxb_73.Sphingobacteriales_41_0	1851	12	944	1539	856	553	5925	2112	3182	6731	2686	1865	4012	1924	1803	4431	1245	3064	5371	1816	1966	4490	1669	2600
H1-16-all-fractions_metab_74.Sphingomonadales_70_12	5666	6005	7273	5857	6431	7122	13681	11223	15564	19991	13037	15169	6164	7209	6389	8072	7449	9527	10341	9524	13798	9822	7836	9366
H3-16-all-fractions_metab_conc_29.Actinobacteria_71_0	31238	43739	32337	29914	35383	37197	26020	33302	25090	31559	34090	32533	28571	29449	33009	27981	35999	26993	36966	27866	39503	29669	37147	27469
12C16O_168h_50_P13_coass_bin.16	16297	10255	19126	12401	29625	21861	17933	19544	19883	18245	37330	26592	16867	18891	18210	18896	18888	21934	17642	28679	34169	18969	22225	21767
12C18O_168h_50_P13_coass_bin.2	8242	9595	10071	6677	14998	11562	6499	8507	6525	6249	13656	10040	5919	7384	6996	5326	7033	5985	5737	8605	9567	5669	8190	6553
H3-16-all-fractions_conc_123.Niastella_koreensis_45_0	10921	504	12208	10107	14432	12407	33954	31059	47182	28640	24672	41794	12862	10386	11207	15049	9360	13273	12543	11749	16986	19435	12270	12810
12C16O_168h_50_unf_bin.54	3323	542	3849	4376	2787	1767	3868	3477	3971	10923	6216	3875	4140	4410	4113	4141	3302	4725	5850	2903	2321	3558	3873	4254
12C18O_48h_100_P16_coass_bin.33	10125	6434	9792	10507	8020	7675	8782	7690	7524	9574	8495	7676	8671	9065	7971	9175	9050	8430	10725	6400	8881	9225	8272	8020
H3-18-all-fractions_metab_conc_49.Actinobacteria_70_18	91092	87602	85246	94815	66417	80406	63092	67396	46042	74570	56017	59860	67270	63135	65352	64806	69046	53530	87208	45069	76405	70467	72947	55939
12C16O_48h_100_unf_bin.27	7223	5092	9151	8981	8973	6839	7449	9438	8218	11070	11335	8260	6513	8394	8986	9553	13203	11101	9926	7121	8091	7179	10115	8929
12C16O_24h_100_P08_coass_bin.19	4167	279	4034	5748	1709	1828	5210	3047	4264	7337	1949	2022	5488	4896	4118	5192	3033	5441	8199	1706	2166	4579	3365	4336
12C16O_48h_100_P14_coass_bin.6	19346	20527	27009	20696	18225	19612	109036	94224	134394	155845	75196	88026	34679	50957	44040	58190	64684	79275	88759	57354	76705	80189	69738	85401
12C16O_48h_50_unf_bin.39	17263	14167	21782	11429	24810	21754	14425	22982	15412	12851	28221	22688	22297	16846	19105	15123	22977	17221	17655	27336	36554	14763	23162	16360
12C18O_72h_100_P08_coass_bin.19	13276	13342	17838	14096	11753	13294	75265	62876	90135	106105	51170	59802	22913	33541	28901	39280	43363	53111	60087	37533	51380	53972	46140	57280
12C16O_48h_50_P09_coass_bin.4	21674	5339	16671	25400	5550	10783	43131	23279	22259	55652	10948	16095	46764	31362	28945	45665	29569	29134	70405	10121	24197	44352	26965	26205
12C16O_0h_50_P09_coass_bin.4	6977	159	6734	10305	2095	2713	9437	4611	7489	13291	2499	3027	9640	7840	6223	8511	3770	9407	14070	1821	3117	7626	4889	6830
12C16O_48h_50_P13_coass_bin.32	54605	66401	83395	49019	92593	39482	36102	43645	44763	36654	69644	29815	37237	59735	47391	37074	45521	50634	41671	54863	34692	37771	49356	54595
12C18O_48h_100_P08_coass_bin.33	14301	11406	15461	13639	9438	9011	15385	14409	14104	19403	11324	10103	18163	18074	15391	17890	15816	16457	23384	8929	11677	16490	15841	15016
H1-18-all-fractions_metab_conc_80.Solirubrobacterales_69_26	18919	27190	22924	20316	41842	35500	10743	19092	10215	12497	26824	25795	13710	15478	21311	12622	21853	13236	16493	23701	31779	13795	22307	13156
12C16O_24h_100_P14_coass_bin.26	3404	2461	6105	2441	7309	3111	6101	8144	8053	5003	16681	5440	6563	11890	11635	6914	12210	10036	5656	15628	7009	6587	10554	8924
H1-18-all-fractions_metab_maxb_45.Sphingobacteriales_37_7	379	14	490	422	474	488	1152	1227	1668	1365	1389	1400	724	818	653	715	507	1114	925	864	1276	808	763	1071
12C16O_48h_50_P10_coass_bin.36	104163	70782	140985	96215	226977	203533	112441	168929	134852	138362	264384	224344	104536	129794	161097	106485	156008	137577	130263	189151	260216	109781	177021	126687
12C16O_48h_50_unf_bin.16	1465	45	1682	2157	1182	786	2021	1562	1728	2767	1671	819	1794	1835	1789	1841	1413	2058	6903	2616	2008	1789	1851	1951
12C18O_168h_50_P10_coass_bin.11	12301	10807	14235	9851	18437	14504	15915	16116	16014	16879	25785	20846	11912	13399	12891	12634	13684	14491	13955	18586	22193	14739	15779	13984
12C16O_48h_100_unf_bin.25	5375	4422	6521	5258	9100	8887	54054	50359	65430	92092	66948	65304	16228	20927	21760	38412	37272	46170	49370	46848	55073	40224	39868	40082
H3-16-all-fractions_metab_conc_11.Cystobacter_violaceus_70_0	18514	18715	37082	18937	19624	28231	169425	196761	217109	149564	154652	145880	15493	32855	24272	25790	38741	107383	31401	25624	61213	39114	39633	82866
12C18O_72h_100_P16_coass_bin.34	1788	1591	2318	1780	2494	2730	15409	14589	19975	25116	17614	18466	4733	6325	6089	8235	8268	10638	12677	11195	14793	11716	10841	12163
H3-16-all-fractions_maxb_26.Sphingobacteriales_42_0	1542	42	1317	1477	1406	1234	5072	2754	4441	5720	4183	3576	2866	2281	1627	3195	1386	3386	3855	2566	3256	3745	1983	3213
12C16O_0h_100_P16_coass_bin.1	61308	51164	60480	47844	86690	70479	70527	69326	60576	75617	112877	90713	58623	55136	55829	59997	58879	55295	65755	80171	100048	66474	65924	54865
12C16O_168h_100_unf_bin.4	3247	111	3497	4510	1871	1131	7850	6154	7268	6244	2548	1653	4207	4206	3940	4065	2957	4702	6583	1915	1802	3649	3378	3780
12C18O_48h_100_P08_coass_bin.2	21725	18309	20653	17232	24180	21062	22706	22387	20399	24744	30681	25570	20534	19845	18963	21309	20363	19983	23553	22169	29077	23302	22474	19850
H1-16-all-fractions_metab_conc_21.Actinobacteria_69_13	230073	211024	278771	234696	202977	145815	140484	159775	136712	158668	150588	102573	177547	205763	185358	170682	198076	179650	212409	125576	131030	170610	195162	187080
12C16O_0h_100_P14_coass_bin.15	53372	46915	50343	39455	75404	62025	61616	61138	52658	66493	99544	81050	49367	45318	48091	51294	50398	46173	55168	70106	88214	57690	56729	45171
12C16O_0h_50_P10_coass_bin.19	2570	1926	3026	2169	3049	4033	3695	3546	3726	3710	4497	5880	2657	3093	2952	3005	2768	3589	3214	3161	6471	3353	3325	3442
12C16O_168h_50_P10_coass_bin.28	3189	1223	7019	4636	4310	5918	10323	6025	8599	6309	268924	9851	4344	12290	4142	8863	6359	7565	6028	3971	8305	6750	11461	7796
12C16O_48h_50_P13_coass_bin.30	80544	80689	75580	88212	61240	53088	42695	48006	36647	62660	45697	39416	49957	48157	48558	49637	55629	43069	78721	39255	50063	51310	52754	47632
12C16O_0h_50_P09_coass_bin.6	17429	404	19980	26489	7432	5606	22085	16285	21063	34999	10159	7076	22107	22040	19711	22477	15119	24802	37539	8017	7932	19259	17648	20506
H3-16-all-fractions_metab_130.Bacteria_58_0	7622	2493	7918	7234	7552	7090	6517	6379	5694	7553	7508	6222	7466	7287	7054	6946	6967	6743	8913	5983	7984	7130	7204	6498
H1-18-all-fractions_metab_maxbC_65.Verrucomicrobia_60_17	3101	1041	3255	2525	3923	4243	3525	3454	2825	4097	4619	5058	2931	2826	3219	2652	2802	2966	3260	3230	5561	2946	3566	2789
H2-16-all-fractions_metab_conc_60.Proteobacteria_70_13	25548	25159	24848	18910	33256	31809	31422	36647	21958	24979	47555	40691	25577	22373	30649	26271	30663	21477	22940	28811	38662	27935	36987	20171
12C18O_168h_100_P08_coass_bin.24	12820	8378	12650	13408	9957	9844	11100	9821	9107	11901	10669	9950	11395	10575	9719	11649	11272	10405	13471	7947	11100	11748	10786	9957
H1-18-all-fractions_conc_96.Pseudonocardiales_70_16	37445	50556	40644	51600	40921	46940	24440	37119	26405	33670	35113	34331	30501	29593	35028	27542	38904	26155	41950	29984	44553	28230	42236	25567
12C18O_72h_100_P16_coass_bin.23	896	15	874	1245	615	335	1096	712	1071	1613	733	422	1053	1049	896	1042	654	1306	1711	569	457	968	899	973
12C16O_48h_50_P13_coass_bin.27	1584	1723	2496	1185	3426	4098	14073	16677	25890	12209	28591	29980	4254	7606	6810	7238	8634	11594	5310	17083	25107	9350	10917	13724
H3-16-all-fractions_metab_147.Actinobacteria_71_0	40038	49184	43715	38429	47768	47490	37951	45152	37889	45900	48619	45857	38753	39566	40624	38567	42666	36523	47762	37420	52045	40814	46500	36691
H2-16-all-fractions_metab_56.Actinobacteria_73_59	37381	44250	33595	35677	34656	36750	27903	37953	23166	34752	32778	31183	29943	28286	35891	30024	36314	27627	41285	27253	40179	32286	38378	27655
H2-16-all-fractions_metab_conc_42.Caulobacterales_70_17	42494	48602	51207	35674	48782	60617	122108	105495	142326	155914	125658	138415	49476	68954	56568	70899	72262	88361	84951	84241	139672	93049	78929	89762
12C16O_168h_50_P13_coass_bin.1	1596	44	1761	2243	593	722	1988	1223	1782	3133	768	874	2349	1808	1636	2020	1105	2213	3206	547	951	1759	1254	1601
12C16O_0h_100_P16_coass_bin.12	5396	134	5532	8079	1696	2083	7358	3590	5657	10166	2162	2447	7518	6190	4886	6451	3044	7508	10557	1326	2564	5879	3687	5293
H2-16-all-fractions_metab_114.Bacteria_70_8	74951	103682	91767	81262	72375	90780	81613	115898	87440	105997	88902	115532	71171	86525	100705	71113	103808	78069	97450	58218	104010	75493	113694	81818
H2-16-all-fractions_metab_conc_16.Bacteria_60_11	34406	5864	27655	26709	11532	11617	40486	12978	17386	32819	16426	11463	35763	20327	13147	31687	12739	19268	28883	9764	11719	33880	13473	17094
12C18O_24h_100_P14_coass_bin.5	1697	1440	2791	1457	3657	1635	2702	3816	3191	2291	6883	2334	3042	4595	4830	2950	5444	4091	2798	6471	3264	2818	4531	3544
H1-18-all-fractions_metab_conc_61.Actinobacteria_70_18	65044	64152	64451	54878	53146	44098	42886	47950	33758	42050	41248	31859	51173	50633	51304	48404	51278	42536	55358	32028	40275	49537	55033	42112
12C16O_0h_50_unf_bin.17	20361	18211	26153	13608	46628	42193	16709	29642	18238	12788	34592	30385	17434	20649	26541	17814	30242	21813	12522	23264	32448	16256	30496	18847
12C16O_72h_100_P14_coass_bin.25	1789	167	1917	2757	868	1085	2197	1477	2010	3428	1083	997	2734	2677	2146	2273	1440	2993	3910	789	1331	1992	1829	2146
H3-18-all-fractions_metab_conc_37.Alphaproteobacteria_64_16	49642	35406	43962	49885	37586	37833	46402	45166	36589	62144	41930	39428	51125	43320	45722	51581	48040	40508	69148	32871	48141	51129	51560	39491
12C16O_48h_100_unf_bin.32	15240	9801	16713	11881	23631	17925	15937	16520	16430	16795	29131	20656	14717	15507	14745	20137	20302	23394	16906	22013	26131	17277	18363	17809
12C16O_168h_50_unf_bin.57	80580	82232	81995	86508	80908	58354	55585	60955	45082	65859	73545	46352	58571	59167	60895	59348	66927	54508	77287	54294	54975	61190	66104	55388
12C16O_0h_50_P10_coass_bin.6	42815	26689	50597	46851	57217	38578	43260	45219	41401	54225	63733	42161	40985	46256	45992	41203	46187	44841	53936	45600	45863	41776	49850	46499
12C16O_168h_50_P10_coass_bin.11	23457	27486	25657	11201	39342	34886	38515	45484	38304	22910	86831	58189	32526	36226	35768	34092	36965	35836	20058	57876	61746	37787	44514	36208
12C16O_168h_100_P16_coass_bin.12	3440	89	3744	5531	1348	1562	4680	2563	4089	6977	1651	1721	4885	4509	3533	4303	2097	5235	7024	1084	1765	3883	2453	3547
12C16O_0h_50_P10_coass_bin.20	113803	27857	66845	159260	88164	15131	65784	32910	46307	127109	77675	14413	73906	59279	38776	67531	43372	55634	162952	56284	13181	72083	41561	42987
H1-16-all-fractions_metab_48.Actinobacteria_68_21	36923	37017	41006	39422	42557	34942	21590	26589	19062	24816	29561	24735	27015	28116	30093	25177	30891	24056	32043	26287	31672	26175	30485	24789
12C16O_0h_100_P08_coass_bin.13	250364	107798	147379	63159	48946	74157	94256	108326	114388	83515	39466	71915	82561	94421	94762	69888	86203	74987	74063	34921	64874	80389	106507	94007
12C16O_24h_100_P14_coass_bin.5	35114	24688	35623	28324	47722	39921	39989	40707	36576	43432	63019	51742	33384	32730	33446	34492	35857	33715	36961	44614	58250	38394	39849	33334
12C16O_48h_50_P10_coass_bin.22	9238	10982	11433	6894	18563	13959	7191	9537	7688	6866	16379	12400	6728	8395	8614	6211	8030	6925	6704	10972	12276	6793	10021	8016
12C16O_72h_100_unf_bin.11	103016	260139	178821	86128	290249	463207	86278	191082	111514	88209	232040	327622	89091	143819	203254	86241	220536	127924	103192	206147	478400	101363	244085	155030
12C18O_168h_100_P14_coass_bin.35	1541	1214	2797	1150	3210	1441	2834	3839	3410	2395	7059	2232	3166	4914	4934	3095	5383	4382	2969	6552	3074	3034	4765	3920
H3-16-all-fractions_metab_67.RIF_CHLX_70_0	59100	47770	58642	69355	30224	35588	51372	38161	42630	75569	28695	34497	45890	47015	34183	44385	36010	39884	69396	19389	31475	46243	38808	43341
H2-16-all-fractions_metab_conc_100.Burkholderia_graminis_63_15	4591	2886	4809	6160	2991	4948	6876	6296	7426	14517	22831	16718	4642	4957	3876	6655	4266	7363	9316	3113	10876	5928	6757	6741
12C16O_0h_50_P09_coass_bin.13	216180	286933	204092	252179	220020	283400	196007	302545	181402	330878	244674	286124	218690	220370	301430	230640	330715	225712	401222	209565	386933	244915	378239	227453
H3-16-all-fractions_metab_conc_152.Gemmatimonadetes_60_0	3871	1033	4037	3261	2614	2730	7912	6869	6378	8568	5967	4911	7952	8458	7410	8574	8013	8123	9859	5316	6559	8215	7628	7375
12C16O_168h_100_unf_bin.5	9677	7080	12964	10696	3935	5560	26041	23518	29376	18127	6349	7026	15117	20211	13869	15628	14275	17744	22389	4745	7918	13003	13097	13815
12C16O_48h_50_P13_coass_bin.31	10485	11996	12626	8882	18074	14114	7983	10326	8057	7684	16237	12081	7571	9168	9176	7337	9188	7800	8051	10339	12201	7906	10182	8733
12C18O_24h_100_P14_coass_bin.33	13332	12651	13861	10446	17909	14535	15075	15635	14186	16341	23627	19669	12370	12333	12209	13380	13676	13133	14406	17407	21241	14821	14973	12841
H1-18-all-fractions_metab_conc_36.Alphaproteobacteria_64_14	47818	32632	51906	50472	33013	36094	40967	39112	34912	44386	36165	35033	43088	43030	41711	43196	42973	41325	54751	26822	42317	42803	41824	39218
12C16O_48h_50_unf_bin.15	14755	13421	15154	11909	20042	16590	16876	17612	16066	18446	27000	22187	13606	14062	14099	14682	15530	14709	18231	23654	28901	16441	16768	14761
12C16O_72h_100_unf_bin.7	1965	183	2161	2744	1086	1191	2676	1847	2386	3625	1520	1404	2550	2547	2140	2357	1547	2908	3542	1005	1304	5005	3598	4908
12C16O_72h_100_P08_coass_bin.23	15705	12451	15496	11931	18893	16067	18014	17363	17068	20380	25035	20990	14653	14393	13864	15992	15374	15030	17044	18848	23940	17561	17014	15414
12C18O_168h_100_P08_coass_bin.8	12593	10981	12975	9968	18644	13098	14350	26718	13085	15461	31303	17018	13618	12116	11701	12883	13297	12418	13655	17717	18934	13940	14210	14228
H1-18-all-fractions_metab_maxb_101.Bacteria_63_9	59130	17400	53379	63701	26109	19357	47486	32022	37437	59728	26628	15900	53767	50645	36439	54756	41509	43870	73993	20850	20177	53478	39645	47502
12C16O_72h_100_P14_coass_bin.33	1554	1434	1910	1463	2354	2432	13617	14084	18700	21981	17438	18113	4187	5812	5977	7148	7459	9204	11196	11080	13729	9763	10882	11355
H1-18-all-fractions_metab_conc_57.Acidobacteria_55_29	1152	258	1557	1464	863	1099	1387	1698	1551	1752	1201	1499	1004	1290	1181	1115	1535	1519	1643	708	1269	1146	1677	1390
H3-16-all-fractions_conc_58.Chloroflexi_52_0	9177	1533	11148	9559	7561	10434	7607	9182	9208	9269	8461	9257	15645	17312	11793	14429	13941	16748	16629	7547	11550	11203	14464	16116
12C16O_48h_50_P09_coass_bin.18	24310	15919	24636	26165	17573	17762	20122	17735	17001	22376	18033	16390	21740	21231	18810	21780	21499	20292	26863	13939	19968	21942	20007	19501
12C16O_0h_50_P10_coass_bin.29	50904	32701	64402	33248	116759	79327	55516	65177	71687	55979	148434	97465	52297	62639	61573	60520	63887	79008	55239	115160	124808	63251	75153	79514
12C16O_48h_100_P08_coass_bin.17	20257	11263	21066	19427	13048	13032	15780	12594	13308	16780	12907	12502	18484	19171	13637	18273	14999	18585	20173	10655	14152	16543	14705	16040
12C16O_168h_50_P10_coass_bin.18	13100	14538	16302	9738	26148	19406	10236	13374	10332	9897	24325	17882	9763	11561	11638	9009	11412	10110	9338	15379	17058	10127	13354	10583
12C16O_168h_100_P14_coass_bin.7	68422	56649	73037	62185	74838	51617	48638	43630	45335	49636	61227	39927	60918	63260	48506	58006	51750	55897	65495	52885	48407	58672	52911	55012
12C16O_72h_100_unf_bin.18	1704	37	1830	2354	1226	762	1980	1607	1809	3188	1653	848	2058	1998	1880	2111	1490	2139	3367	1235	993	4139	3786	4166
12C18O_168h_50_P13_coass_bin.25	540	667	903	407	1178	1537	6062	7341	10890	5415	10667	12145	1558	3013	2492	2763	3478	4686	2289	6046	9295	3629	4446	5423
H2-16-all-fractions_metab_63.Actinobacteria_69_71	69536	78942	74808	82584	34066	59430	46070	59254	36931	56973	27385	38257	49220	53441	59482	45657	61730	43962	65024	21711	48841	50018	63335	47613
H1-18-all-fractions_conc_55.Burkholderiales_64_14	2344	1513	2741	2233	2859	3230	10179	6578	8236	13411	6821	6417	3868	8033	2967	5297	4200	10293	8364	3705	6698	7807	5352	8408
H2-18-all-fractions_metab_conc_45.Bacteria_60_9	1656	729	1762	1430	2098	2072	1787	1963	1415	2161	2471	2426	1459	1563	1680	1451	1618	1540	1784	1637	2814	1772	2036	1363
12C16O_24h_100_P16_coass_bin.13	648	353	6559	780	1121	1454	297	305	2873	288	3055	568	984	286037	440	11205	1026	1831	352	1234	637	1319	621	11380
12C18O_72h_100_P16_coass_bin.2	1144	1186	1765	962	1947	2292	8537	9049	14677	7385	13594	14192	2839	4314	3756	4182	4757	6625	3426	7768	11906	5485	6022	7527
12C18O_168h_100_P16_coass_bin.14	12017	7834	12506	12591	9963	9495	10600	9415	8963	11409	10587	9636	10763	10904	9742	11054	10915	10681	12712	8288	11000	11119	10057	9469
12C18O_72h_100_P08_coass_bin.13	2531	43	2301	3471	776	880	2978	1732	2412	4376	1045	1067	3409	2551	1977	2895	1335	3197	4631	859	986	2442	1580	2287
12C16O_168h_50_P13_coass_bin.24	17391	15115	17762	13828	24178	20186	19589	20592	18233	21379	32321	26737	15569	16103	16198	16880	18076	16562	17925	23136	29375	19022	19032	16208
H3-18-all-fractions_metab_conc_20.Propionibacteriales_70_14	25114	33799	31928	20643	36454	42547	31150	37197	31107	33228	42849	46801	22507	28503	27837	22428	33057	27591	27560	31536	53616	29746	37526	35770
12C16O_48h_50_unf_bin.43	15189	10286	15138	15500	12655	11920	13044	12137	11075	13834	14012	12343	13276	13143	11839	13472	13692	12695	28381	15354	19454	13616	12747	12172
H1-16-all-fractions_metab_conc_94.Propionibacteriales_69_21	35646	45666	45365	28338	52824	61435	39657	51493	43927	40691	58709	63985	32964	40996	41244	33033	47101	40739	39446	45367	75393	40266	53754	49206
12C16O_24h_100_unf_bin.34	4179	4407	6023	4561	4595	5207	24794	25606	34712	36062	24802	26840	9167	14584	12829	12452	16326	18426	19246	16798	21629	17158	18253	20121
12C18O_48h_100_P16_coass_bin.16	14386	8735	16123	10645	24136	17405	15658	16437	17771	16312	31102	21927	15182	15678	15446	16534	15878	18993	16470	23629	27626	16837	18645	18921
H3-16-all-fractions_metab_140.Gemmatimonadetes_61_0	6856	1665	7540	6939	6939	5991	9215	8759	7785	10886	10283	7934	8248	8655	8372	8194	8765	8476	11107	7416	8817	8541	9674	8556
12C16O_0h_100_P08_coass_bin.9	81026	47632	77028	85929	54759	49588	64493	49496	50853	70756	54102	46478	69951	65152	53191	69110	62679	60177	84961	41748	52703	69242	54690	56553
12C18O_72h_100_P14_coass_bin.5	1159	65	1098	1674	351	605	1439	846	1167	2050	495	495	1515	1358	1121	1285	732	1486	2218	378	569	1167	862	1096
H1-16-all-fractions_metab_conc_42.Ktedonobacter_racemifer_53_14	2586	628	1888	2673	1104	1714	1664	1242	1221	1535	1104	1146	1953	1522	1334	1921	1697	1336	2101	858	1446	2048	1516	1374
12C18O_168h_100_P08_coass_bin.1	34621	37459	37350	39022	39670	36948	20406	27173	17051	24205	29671	25244	22031	25091	26723	20604	28079	20737	29231	23557	33253	22273	29458	22760
H2-18-all-fractions_metab_conc_82.Actinobacteria_69_16	40540	39342	56198	47407	69658	38122	25984	29460	28914	31423	55326	27009	31007	42051	32442	29396	33070	36504	40521	44215	33241	30088	33613	38751
H2-16-all-fractions_metab_conc_1.Acidobacteriales_58_9	3679	595	4741	5807	1506	3549	4554	5494	4359	6435	2236	4373	3172	3784	4332	3505	5068	4193	5532	1388	3958	4119	4991	4237
H3-18-all-fractions_metab_conc_6.Bacteria_64_56	62404	20975	36740	52188	34646	15806	125044	52867	55324	126378	81291	35176	100690	49950	39563	96466	41842	41216	101042	49934	56509	96219	41240	40398
H3-16-all-fractions_metab_76.Alphaproteobacteria_69_0	127304	118020	123000	101188	113963	116919	111625	115756	98736	121590	125290	122485	129666	120328	115426	128174	115739	109836	140225	100758	149092	126444	129869	106410
12C16O_72h_100_P16_coass_bin.3	3355	3081	4802	2989	9511	4024	15040	49533	21413	20689	44851	15749	10855	8640	6777	8905	11601	12224	11112	17453	13612	11177	10642	19699
12C16O_48h_50_P10_coass_bin.13	3506	3851	5288	3781	4375	4990	21274	21695	29622	29494	22217	23379	6772	10685	9963	10611	13364	15549	15829	15118	19528	14822	15759	17602
12C16O_48h_50_unf_bin.33	5936	4370	6447	6942	2080	2977	7409	5755	6603	11472	2603	3671	9276	9373	7095	8981	7181	7985	38172	4250	8593	7724	6709	6898
12C16O_24h_100_P08_coass_bin.12	196585	159584	159823	177041	168369	122378	147930	121263	102656	153715	139394	96692	155414	123789	128228	146901	123878	103989	169471	101832	105946	150810	138214	114710
H1-18-all-fractions_conc_125.Pseudonocardiales_71_10	69604	183935	85925	84103	116461	124788	54387	113520	59686	66515	87081	82570	55044	59423	82790	48226	84476	50820	68696	71083	108173	63665	98271	46075
H3-16-all-fractions_metab_conc_126.Actinobacteria_70_0	116717	99093	133763	144550	95563	75236	39872	62912	37870	53588	51882	45438	56631	58876	76908	48627	79967	50644	75151	41638	57168	52578	74353	57343
12C16O_168h_100_P14_coass_bin.32	71823	50704	57239	70726	35009	35471	46639	38310	30212	49254	29516	26653	51268	43196	38190	50080	40782	36069	62178	23204	33524	51595	40425	37629
12C18O_168h_100_P14_coass_bin.7	13916	11417	14102	10483	17536	15149	15321	15679	14156	16122	22576	18950	12691	12637	12736	13416	13466	12905	14428	16573	20903	14571	14939	12931
12C16O_72h_100_P08_coass_bin.2	37025	32425	32550	20591	60173	41908	33975	35276	28350	27569	68159	44431	36913	33978	30772	41336	32852	32856	35344	56263	54768	43542	38255	34032
12C16O_72h_100_P16_coass_bin.2	1440	30	1412	2074	503	490	1825	929	1474	2446	620	646	1885	1577	1240	1663	781	1874	2527	417	726	1475	1046	1291
12C18O_168h_50_P10_coass_bin.6	99950	122273	155229	67544	219120	207742	65262	108186	84432	53043	178639	157730	73668	108945	110142	69695	112275	92485	64344	149426	207848	75689	126048	102313
12C16O_48h_50_P13_coass_bin.16	61731	64518	82333	64054	63337	52739	39301	45108	40159	43283	47810	35109	44999	59411	48019	42599	49017	49843	53193	38691	44527	45033	51040	54341
12C16O_24h_100_P16_coass_bin.12	12155	11511	15770	9727	15223	16431	19895	19992	23705	21706	25176	24913	13805	17459	13901	16379	15577	19371	17102	17268	25267	18629	17716	18611
12C18O_72h_100_P16_coass_bin.3	9725	6943	9955	10157	7665	7807	8436	7558	7311	8746	8476	7669	8277	8313	7429	8329	8561	7887	9841	6588	8723	8665	8189	7396
12C16O_72h_100_P14_coass_bin.14	1383	43	1551	1850	1111	612	1787	1457	1669	2449	1447	679	1700	1730	1753	1664	1319	1979	2680	943	857	1641	1698	1691
12C16O_168h_100_unf_bin.17	23839	16755	24998	26522	19368	18597	33569	27754	26983	23249	20778	18831	22281	21555	18745	22065	21592	20612	26595	15210	20942	22218	20143	19543
12C16O_24h_100_unf_bin.35	2721	66	2728	4065	953	1160	3307	1786	2939	5007	1137	1199	8006	6934	5555	3115	1613	3688	5418	932	1501	2799	2090	2856
H3-16-all-fractions_metab_conc_98.Alphaproteobacteria_63_0	80250	45946	80761	90131	38152	49532	60621	53008	50106	74478	36918	41315	68385	66391	57282	66092	60787	62763	87674	29118	47497	68064	62194	62185
H1-16-all-fractions_metab_conc_6.Bacteria_69_19	73416	125024	92403	102378	32441	59205	55130	122775	54789	98883	30169	64922	60336	62872	102329	48804	112329	52997	87766	23010	49681	54706	115686	48802
12C18O_168h_50_P13_coass_bin.24	91575	122573	157434	79130	127235	118237	75001	103503	93242	66415	138169	105162	73844	114611	103247	78259	117304	112732	80692	106282	134396	76876	99672	109765
12C16O_168h_50_P10_coass_bin.36	7690	9690	12251	7936	10590	10257	57021	65172	82813	73597	67392	60104	16498	27381	27634	25559	38834	38248	37144	43075	46507	36837	45350	44907
12C16O_168h_50_P13_coass_bin.8	174460	159247	154996	204000	113328	95348	81976	83179	65298	132538	76098	63625	97395	87417	87624	97604	104101	79817	166403	68084	82529	99955	89749	91022
H1-18-all-fractions_metab_conc_62.Sphingomonadales_68_16	14793	13942	16368	14138	12858	16217	26276	21154	31445	34185	24699	36046	13572	13303	13312	16811	15983	20661	22702	19923	26808	18298	15710	17220
12C16O_24h_100_unf_bin.22	16771	13796	16803	13230	22559	18396	19100	18622	17188	21042	30066	23381	20899	19874	20223	16586	16945	15794	18014	21619	26632	18921	18087	16006
H2-18-all-fractions_metab_91.Actinobacteria_71_22	63896	78388	67617	74223	28198	47470	42049	54447	33383	50689	22667	31044	44874	48515	53456	41374	55555	39216	58822	18136	39692	45579	57290	43336
H2-16-all-fractions_metab_conc_62.Propionibacteriales_70_25	18033	23663	22767	14179	25870	30601	19809	25459	21888	20055	28643	31854	15868	20635	20106	15995	23048	19464	18673	22267	37849	19845	26710	24353
H2-16-all-fractions_metab_conc_47.Alphaproteobacteria_65_18	36973	28220	32364	37242	27633	29102	34359	34156	26359	45769	30558	29077	38305	32084	34544	38637	36608	30352	51423	23862	35610	38632	38310	29582
12C16O_48h_100_unf_bin.14	38315	23970	42259	37924	55430	34623	28223	33700	26270	33658	45031	24552	32466	34647	36776	39859	49956	39714	44243	39902	34059	33809	43307	33933
H1-18-all-fractions_maxb_99.Actinobacteria_69_12	20574	13572	18126	19785	13720	11311	12817	11220	8771	13213	10871	7734	15667	12655	12980	15105	13200	11559	18233	8668	9789	15670	13137	11332
H2-16-all-fractions_metab_57.Sphingomonadales_64_21	9780	8761	12012	9654	8757	11502	51283	45408	62339	76451	36437	50293	16658	22850	21152	26963	28794	34009	40232	25886	42536	36882	33750	36991
H1-18-all-fractions_metab_conc_56.Chloroflexi_54_13	2942	764	2741	3182	1682	1958	2318	1680	1805	2465	1606	1458	2550	2246	2021	2362	2221	2081	2880	1096	1937	2682	2107	2212
H2-16-all-fractions_metab_conc_97.Actinobacteria_72_48	166430	134257	117786	156866	105818	84681	79596	68988	50276	89883	69469	54056	102024	76505	76762	93236	85823	63519	122583	63138	73076	98985	78496	67339
12C16O_168h_100_P08_coass_bin.1	34792	29090	33316	26070	47503	38846	41727	39781	36033	44821	64508	52161	32989	30535	31278	34885	32796	31102	36785	45226	57019	39575	37610	31317
12C16O_168h_50_P10_coass_bin.19	2683	2794	4496	1415	8257	9923	29870	37736	58537	20898	79160	76396	9455	17481	15508	15575	19630	27566	9116	48834	67309	19088	25006	31089
H1-18-all-fractions_conc_32.Gemmatimonadetes_61_9	2343	766	2458	2555	1848	1354	6082	4874	4046	7793	5258	2938	5273	4779	5721	5906	5528	5190	8373	4797	3981	5616	5502	4458
12C16O_168h_50_P09_coass_bin.6	11362	6653	10816	14492	2620	4448	14774	9481	11807	26056	3841	5469	18732	17755	12624	19895	13118	15399	31324	3205	6366	15220	11803	12362
12C16O_0h_50_P10_coass_bin.28	25128	28153	30602	17786	52985	41036	20511	27244	21253	19272	47698	36416	19182	21564	22248	16946	20882	18751	17073	29604	34370	18774	25375	19865
12C18O_168h_50_P13_coass_bin.9	1731	57	1691	2298	648	758	2074	1221	1776	2986	768	876	2191	1869	1643	1860	1051	2229	3213	529	913	1778	1241	1575
H3-18-all-fractions_metab_conc_14.Acidobacteria_55_25	536	198	1017	852	380	708	693	1083	949	1108	568	922	584	914	742	593	1081	832	961	352	687	613	1005	783
H1-18-all-fractions_metab_conc_37.Gemmatimonadetes_69_16	72509	86419	88362	51956	96938	89907	218484	245485	247791	242495	327877	258866	151210	181340	169929	166095	193039	193853	190895	209976	230960	195033	227247	201350
H2-16-all-fractions_metab_conc_19.Actinobacteria_69_35	86876	74187	68774	96291	43337	50247	55846	54768	36029	66423	35150	35086	62539	49395	53852	61367	59367	42374	83405	26847	44123	65375	59085	44903
12C18O_72h_100_P14_coass_bin.17	13868	13916	15206	12824	20098	12624	10088	10593	9584	11022	16523	10176	12010	13429	11374	11624	12351	12070	14438	14556	12481	12065	12461	11526
12C16O_72h_100_unf_bin.44	9645	11025	10938	7351	14887	12216	7129	8860	6928	7020	13045	10077	6891	8126	7941	6137	7539	6513	6691	8396	9910	10475	14477	10340
H3-16-all-fractions_metab_conc_78.Burkholderia_graminis_63_0	3087	1950	2716	3916	1783	3056	4519	3902	4376	9579	15497	10844	2885	3171	2304	4368	2751	4477	5900	1964	6973	3872	4335	4334
12C18O_168h_50_P09_coass_bin.11	44498	10574	25057	68617	31451	7101	27488	14075	18530	54948	29743	7983	30097	22347	15740	27668	16747	21377	70775	21044	7233	30081	16739	16527
H1-16-all-fractions_metab_conc_2.Bradyrhizobium_62_16	113362	105800	141332	112807	122815	172758	132925	170654	144240	150032	151304	206004	113646	129653	135639	120454	147568	130029	145600	115782	226304	134914	161689	121191
H1-18-all-fractions_conc_24.Gemmatimonadetes_68_16	16973	13727	17771	12236	20077	18417	35088	39903	36416	40814	55155	42867	28978	32187	33228	33598	40621	36802	36001	45311	51724	30369	36827	33053
H1-18-all-fractions_metab_conc_23.RIF_CHLX_70_21	15836	18276	18955	13175	23783	22034	13163	16329	12766	12300	22118	18673	11237	13839	14382	10680	13875	11516	11313	13666	18895	12103	15778	12635
12C18O_72h_100_P08_coass_bin.28	3484	784	2365	1850	2482	1149	6483	2955	3132	4088	4721	1849	7653	4742	4180	7667	4604	4201	5442	4644	2325	7417	3569	3425
12C16O_168h_100_P14_coass_bin.4	3562	99	4094	4613	2435	1476	4385	3713	4198	6809	3194	1853	4446	4547	4634	4618	3187	4871	6955	2551	2080	3589	3834	3992
12C16O_168h_100_P16_coass_bin.18	21473	13321	25547	15374	41093	29250	23203	26104	28200	24090	51887	36024	21924	24942	23966	25017	25085	29638	23248	38762	45510	25754	29750	29974
H3-18-all-fractions_metab_conc_30.Actinobacteria_69_22	40016	30727	31741	43175	24757	25330	25043	22755	15896	29247	18876	16738	28550	22824	23582	26591	24650	19329	35770	15372	21632	28530	25462	21000
12C16O_24h_100_unf_bin.50	53986	55298	55581	59763	53660	40826	35751	41934	30031	40904	43087	30426	42117	43031	43906	38974	44569	35750	52241	35971	38863	40663	44275	36839
12C18O_24h_100_P08_coass_bin.11	5172	3743	5426	6046	1583	2511	6850	5067	5556	9910	2088	2927	8138	8004	5769	8060	5916	6956	11966	1629	3102	6826	5609	5514
12C18O_24h_100_P14_coass_bin.16	14303	12445	15410	13329	19493	11935	10364	10479	10114	11042	16037	9816	12930	13698	11341	12497	12005	11960	14493	13717	12157	12512	12398	11965
12C18O_48h_100_P08_coass_bin.15	65951	65513	63587	73117	53911	46574	37162	41280	32912	51735	40571	33899	42699	42601	42793	42982	48069	38654	65875	35955	42827	42917	45963	41743
12C16O_72h_100_P08_coass_bin.29	2359	1876	2730	2399	2887	3078	20539	16313	22079	33005	18411	19478	6319	7268	7185	10508	9522	11816	17044	12479	15971	15086	12474	13709
12C16O_48h_50_P10_coass_bin.10	1510	1679	2696	1029	3803	4488	14308	17541	26739	11569	32634	32051	4622	8008	7320	7200	8915	12164	5015	19254	27272	9122	11673	14086
12C16O_24h_100_unf_bin.47	170020	83903	143895	179301	110480	141921	160870	171006	118578	189974	119132	140690	178207	143566	187484	172452	184709	133057	221173	98597	174481	170130	190539	121069
12C16O_48h_100_P08_coass_bin.8	51720	42275	43715	27547	85633	56831	48572	47065	37926	36012	98349	60593	53125	47225	39997	59531	43604	44300	47558	81407	74181	62990	52562	46283
H2-16-all-fractions_metab_conc_25.Burkholderiales_70_14	93710	98924	128180	85974	118461	137222	184752	158717	214547	209512	223664	229007	111312	157813	104520	143545	117855	176250	174022	163834	242446	168606	138910	170514
12C16O_24h_100_unf_bin.18	45477	28476	46937	44484	61203	38593	33627	38641	29727	39652	50055	28254	45131	48694	51999	39367	45978	36079	52379	45331	38317	38979	48897	39320
12C18O_168h_100_P08_coass_bin.2	5414	3470	5451	5958	1823	2551	6653	4599	5278	9970	2441	2979	7982	7679	5879	8388	5956	6608	11563	1898	3261	6692	5211	5412
12C16O_48h_100_P14_coass_bin.13	2014	63	2209	2955	779	916	2623	1580	2052	4035	986	1014	2626	2434	1959	2564	1383	2923	3926	672	1073	2145	1545	1980
H2-16-all-fractions_maxb_conc_24.Ktedonobacter_racemifer_50_14	3800	322	4429	3389	2623	5986	2661	3539	3002	2635	2193	5054	4109	3620	5032	4335	6345	4249	5674	2301	5278	3165	4482	4843
12C18O_72h_100_P16_coass_bin.10	4149	3824	6733	3685	2282	2645	4718	5067	6590	5695	3288	3203	5503	9534	5959	5658	6206	8255	6637	2722	3575	5048	5794	6762
H3-18-all-fractions_metab_conc_21.Bacteria_57_12	9026	4288	9119	9037	8746	7423	7041	7099	6198	8360	8280	6382	8496	8360	7865	7848	8171	7741	10936	6542	8449	7731	8183	7270
12C18O_24h_100_P08_coass_bin.29	42331	37907	39693	26570	65877	50461	40216	42554	36134	37129	74559	53526	43483	42506	37752	47573	40547	40610	45613	60819	65742	50217	47837	42447
H2-16-all-fractions_metab_12.Bacteria_57_7	1175	156	1581	1042	1684	1325	3818	3210	3214	3686	5660	3972	1870	1726	1560	2086	1757	2095	2040	3448	3641	3041	2596	2492
H2-18-all-fractions_metab_conc_62.Actinobacteria_69_13	33357	38143	35743	33877	33905	30923	22108	26887	20285	26474	27177	24034	25427	27454	27949	24304	29567	23918	33150	23079	29756	25776	29699	24523
H3-16-all-fractions_metab_conc_113.RIFCSPLOWO2_12_FULL_Bacteroidetes_35_15_curated_45_0	210	10	276	144	237	323	1177	703	802	1146	806	1163	291	303	334	310	223	393	297	376	687	400	404	404
H1-18-all-fractions_metab_85.Ktedonobacter_racemifer_51_8	1362	168	1373	1439	1175	1419	1113	1223	982	1116	1381	1333	1244	1093	1452	1313	3848	1259	1502	974	2115	1544	1371	1362
12C16O_48h_50_unf_bin.40	93499	116367	115198	74669	118964	113541	96643	120163	124032	115353	140709	134881	113680	146302	127266	118319	133258	151870	143916	134352	194100	122922	147787	132897
12C18O_24h_100_P08_coass_bin.28	38461	40660	41468	43009	43598	40881	23986	30173	20104	27189	33549	28507	26134	28275	30269	24150	31554	23785	33083	26771	37133	25946	33161	26262
12C16O_0h_50_unf_bin.25	181698	120026	143860	200009	86044	87688	118078	93083	72948	124927	68122	58855	131479	107275	91475	126383	96203	87276	159349	51662	75168	129411	95592	94097
12C16O_48h_50_unf_bin.41	122285	152337	161113	109078	183236	143693	86783	116055	92802	91586	151185	111626	94449	124672	116194	92010	118675	105000	105972	114273	133101	95994	131542	110390
12C16O_168h_50_P10_coass_bin.4	3955	2913	7567	2391	11616	4400	7193	10757	9762	4993	25284	7098	8701	14314	16099	8193	16887	12512	5937	25260	9875	8006	14181	11238
12C16O_0h_50_P10_coass_bin.13	5656	3810	11362	2997	17083	5903	10848	16066	14520	6649	35978	8935	12623	22412	23678	12478	25753	19659	8536	37113	12943	10975	20268	16334
H2-16-all-fractions_metab_conc_77.Actinobacteria_71_48	305252	288748	320525	331934	271351	201502	133978	140713	112056	159305	164080	112919	168069	169568	158039	162403	184902	140131	219159	140551	156399	166207	160929	159220
12C18O_24h_100_P16_coass_bin.28	1868	2095	2879	2168	2137	2524	11855	11537	16552	17134	11026	13055	3775	6215	5250	6057	7532	8885	9157	7662	10564	8260	8531	9751
12C18O_168h_100_P14_coass_bin.4	1459	32	1782	2156	1150	634	1796	1530	1684	2496	1444	821	1745	1930	1826	1842	1394	2012	2881	1141	848	1629	1762	1827
12C16O_72h_100_P08_coass_bin.1	5751	4231	5639	6153	2448	3075	6575	5076	5359	9289	2636	3018	7780	7664	5867	8152	6065	6550	11383	2227	3824	6789	5871	5605
12C18O_24h_100_P14_coass_bin.17	6956	6994	9907	6464	5122	5179	7512	8499	9031	9341	6167	5825	8987	12538	9844	8850	10116	10685	10759	5114	6860	8232	9688	9323
12C16O_48h_100_unf_Bacillus_40_8	2332	80	3994	3030	2315	2006	3433	4318	7219	4808	5475	2256	18200	20929	5931	22506	6990	33318	18089	4884	6869	10144	13814	17613
H3-18-all-fractions_metab_maxbC_50.Actinobacteria_69_9	8761	6129	8230	8788	6184	4570	5383	4643	4121	6129	4426	3002	6874	6121	5806	6537	5692	5443	8179	3839	4146	6400	5592	5114
12C16O_48h_100_unf_bin.4	9119	10065	10346	6836	15778	12598	7173	8759	7232	6912	14215	10593	6843	7138	7582	10626	12177	10884	6796	9141	10659	7067	8959	7080
H2-18-all-fractions_metab_84.Actinobacteria_68_115	77859	72161	73071	80303	57713	75233	54986	61813	40373	63058	49837	58145	58342	53701	60092	55667	65326	46909	72867	39959	74355	60800	67711	49258
12C16O_0h_100_P08_coass_bin.20	27660	577	26308	37745	8724	10429	34069	21551	27866	49552	12411	11285	37227	29660	23443	31526	14929	35008	50166	7535	11647	27970	17719	25414
12C16O_24h_100_P08_coass_bin.11	69638	82583	78338	78487	87473	78244	42509	58488	35805	50130	66691	53933	46050	53226	57749	42462	60581	42558	59330	52745	72288	46162	63202	48508
H3-16-all-fractions_metab_155.Actinobacteria_71_0	79722	48953	63920	98020	43115	35122	37155	33302	23639	43449	27701	21128	45518	37703	37727	42121	39118	29176	58979	21685	27448	45100	39304	34276
12C16O_168h_100_P14_coass_bin.5	6643	4360	14297	4519	15158	6061	12326	18298	19654	9408	33764	10151	13273	27253	24090	13238	26831	24242	10705	31252	12710	12538	21919	21393
H3-18-all-fractions_conc_15.Actinobacteria_69_13	40763	44213	42018	40935	41340	37597	28220	33053	25447	33965	33229	29820	31911	32885	33654	30563	36211	29972	42052	28908	37185	31958	36932	30128
H1-18-all-fractions_metab_conc_105.Acidobacteria_57_8	2463	526	2483	3002	2548	2828	2965	3499	2451	4072	3370	3704	2734	2512	3206	2384	3083	2351	3669	2344	3981	2857	3880	2521
12C18O_24h_100_P08_coass_bin.10	3959	1182	3422	2320	3640	2108	7455	4905	4849	5861	7890	3713	7833	6517	5987	8157	6295	5819	6640	7031	4296	7546	5526	5127
H1-18-all-fractions_metab_conc_2.Burkholderia_graminis_63_9	5960	3621	5683	7624	3578	6200	8445	7642	9092	18258	29397	21694	5605	5931	4542	8198	5056	8955	11669	4088	13835	7198	8315	8091
12C16O_0h_100_P08_coass_bin.18	117309	107119	98868	131523	72437	71173	71868	68865	47775	89588	54019	48153	88218	71383	79205	82911	79166	58714	113513	45874	58778	84075	80138	61229
H3-16-all-fractions_metab_conc_90.Bacteria_60_0	2810	956	3087	2816	2305	2604	3871	3612	3157	4318	3416	4295	3338	3047	3449	3508	3206	3048	3775	2487	3589	3648	3639	2771
12C16O_0h_100_unf_bin.7	8213	856	7628	4687	1167	1350	4202	3364	3425	6282	2099	1463	4879	3749	3008	3982	2008	4506	6574	1119	1551	3591	2396	3298
H3-18-all-fractions_metab_conc_55.Sphingomonadales_70_13	5686	5264	7289	5548	6531	7150	13994	11278	16249	21263	13352	15909	6460	7257	6354	8115	7720	9947	10370	9842	14448	10201	8040	9855
12C18O_24h_100_P16_coass_bin.10	2028	49	2214	3017	699	761	2468	1447	2168	3689	804	918	2548	2237	1726	2260	1198	2842	3949	580	921	2279	1370	2014
12C16O_48h_50_P10_coass_bin.29	43864	52027	41005	40804	112520	39321	137858	174648	92060	173457	523408	155970	56565	55727	84728	86498	113263	86789	115319	327279	135372	99398	120761	62584
12C16O_72h_100_P08_coass_bin.10	3009	47	2746	3882	1132	1042	3372	2209	2996	5167	1541	1277	4005	3435	2238	3494	1605	4160	5511	1020	1346	3098	2006	3013
12C16O_72h_100_unf_bin.45	17252	10590	20103	13123	29193	21177	18226	19811	20785	19296	37152	25816	16883	18953	18066	19111	19012	22065	19294	27639	32840	24319	27853	28168
12C16O_24h_100_unf_bin.42	2661	87	2976	3754	1716	1102	3253	2296	2790	4767	2307	1210	6390	6422	6134	3291	2364	3730	5391	1718	1552	2926	2776	3192
12C18O_168h_100_P16_coass_bin.7	1354	1148	2783	1055	2496	1209	2697	3675	3808	2186	6153	2124	2690	4964	4210	2740	4827	4510	2747	5266	2541	2644	4184	3986
12C18O_168h_100_P08_coass_bin.7	1779	48	1701	2545	555	591	2237	1144	1858	3200	694	684	2314	1980	1426	2109	1003	2206	3496	429	712	1831	1236	1652
12C16O_24h_100_P08_coass_bin.15	10145	6754	10775	12084	3765	5043	12353	9090	10539	19512	4715	5691	15786	15385	11668	15822	11995	13076	24040	3568	6382	13029	10919	10737
H1-18-all-fractions_conc_118.Deltaproteobacteria_70_14	28477	20605	31223	26354	15033	20942	25487	22683	26307	27787	17113	20176	28411	38945	24137	28478	25353	29796	41159	13538	26555	30292	24944	27606
12C16O_48h_50_P13_coass_bin.11	29028	27159	31905	27062	41480	25783	20819	21256	20416	21643	34026	20553	26333	27592	22831	25154	24733	24816	29277	30015	25446	25149	25406	24435
12C16O_72h_100_P16_coass_bin.5	103468	158467	260326	70804	117340	119633	99016	242206	176897	64767	132425	156789	104579	190079	185667	79947	170483	206102	60826	103404	144477	110881	189689	288721
12C16O_168h_50_unf_bin.10	45351	31719	51513	46239	78152	46642	33092	44145	32521	46823	77798	42097	38789	42499	49127	39880	53065	39741	53404	57608	47000	39699	56493	40989
12C16O_168h_50_P09_coass_bin.15	4181	106	4194	6295	1449	1830	5504	2791	4550	8217	1681	2023	5882	4906	4083	5088	2645	5760	8636	1281	2015	4500	3115	4298
12C18O_24h_100_P14_coass_bin.13	1378	39	1766	2548	699	1279	1854	1363	1691	2763	873	1118	1946	1701	1979	1666	1323	2097	3109	577	1245	1527	1388	1619
12C18O_48h_100_P08_coass_bin.10	3900	117	3843	5500	2392	1551	4861	3529	3994	7390	3034	1872	4964	4351	4121	4827	3075	4828	7934	2324	2154	4069	3615	4041
12C18O_72h_100_P08_coass_bin.4	21949	20002	19847	12445	35697	26516	20159	21321	17781	16280	40924	27446	22392	21145	18130	24386	19687	19363	20306	34604	33802	25957	23283	21261
H1-18-all-fractions_metab_69.Sphingomonadales_65_37	15373	16171	19662	16107	13276	18441	91814	85413	112543	140075	63112	92909	27212	39400	35493	45183	51133	61339	72740	42801	76118	63157	59889	67164
H3-16-all-fractions_conc_3.Actinobacteria_70_0	44772	60068	57051	52760	45095	44904	35454	44225	41527	44513	40968	36686	39369	51725	46347	39930	48060	45355	55239	32246	43529	41304	48260	45406
12C16O_48h_50_unf_bin.45	1330	1315	2164	970	2663	3485	12673	14294	22422	12127	23195	24072	3842	6339	5568	6329	7328	9985	6238	18066	26095	7981	9382	11469
12C16O_24h_100_unf_bin.32	11936	12953	14255	9224	18034	14630	9295	11115	8883	8850	16437	12629	13383	15094	14736	8082	9649	8541	8474	10436	12948	8667	11034	9235
H1-18-all-fractions_metab_8.Bdellovibrionales_52_9	576	57	722	419	537	538	825	815	809	1094	890	950	728	742	710	786	604	812	746	601	956	807	734	744
12C18O_48h_100_P08_coass_bin.28	32311	12213	29833	25072	22281	38539	28084	32948	57190	36209	58033	51011	33997	66394	21838	32622	21658	57216	26158	19778	50343	29265	31032	47608
12C16O_168h_50_P10_coass_bin.31	308855	259036	263871	367177	180944	147495	135408	132296	106565	233872	116422	94340	161425	141349	139459	165161	170239	127618	296691	102626	125506	169328	141331	151266
H2-16-all-fractions_metab_conc_5.Streptomyces_sviceus_71_22	218219	279251	339613	198526	218933	261520	228436	241733	367268	248436	303263	310585	173753	232901	170703	190282	205813	226580	201013	154379	248825	183832	221297	256443
12C16O_168h_50_unf_bin.28	2330	34	2299	3317	801	934	3088	1690	2576	10437	2137	2496	3108	2805	2354	2771	1390	3063	4667	703	1201	2526	1778	2428
H1-16-all-fractions_metab_conc_57.Solirubrobacterales_72_43	108750	73521	89142	111090	67480	52033	61653	45478	41023	71185	47820	35931	77598	60237	50721	74285	55567	51159	95611	41876	45873	76127	52964	55580
H1-18-all-fractions_metab_maxbC_21.Verrucomicrobia_59_13	1029	264	1145	1114	941	1172	1160	946	960	1417	1159	1238	1004	1112	1056	904	844	1079	1253	835	1422	1006	919	890
H3-16-all-fractions_metab_conc_13.Lysobacter_68_0	2734	7094	4313	2039	5104	13130	27603	80104	66665	43275	42691	142285	4708	8852	14867	9420	23828	20730	12327	19799	79010	15486	41271	30486
12C16O_168h_100_P16_coass_bin.6	6993	5394	16612	5036	15315	5520	13724	20986	23355	10545	35348	9628	13868	32656	26291	14291	29050	28819	11889	30255	12048	13721	25288	25545
H1-18-all-fractions_metab_conc_86.Conexibacter_woesei_72_14	100574	127252	111087	89739	129254	113138	64283	82441	62190	69219	96817	86629	74160	82606	83152	72350	88474	72600	86096	82036	110228	75499	89786	75003
H3-16-all-fractions_metab_conc_30.Propionibacteriales_71_0	32431	43840	41812	24961	46817	54061	35593	44711	39284	34878	50617	55210	29501	38171	35385	29204	41817	35619	34741	39984	67191	36700	48307	45112
12C18O_168h_50_P09_coass_bin.14	6233	4112	7658	7775	7462	5771	6839	8022	6666	9463	9040	7214	6008	7118	7797	5972	7856	6655	8635	5526	6861	6423	8404	7209
12C16O_24h_100_P14_coass_bin.12	78062	91397	93610	40818	43402	30208	56429	74453	60644	36880	47533	24024	71225	86635	73083	73698	75908	74617	49398	34619	27539	75067	85709	72736
H1-16-all-fractions_metab_conc_37.Actinobacteria_70_13	39655	46469	38955	42942	25721	40857	24958	32515	19879	31679	19684	28857	29175	28574	34245	28604	35112	24067	38303	15513	34606	28613	37395	24729
12C16O_48h_50_P10_coass_bin.9	118320	112379	110114	133655	90081	73757	59304	64284	50198	89669	62913	50059	69533	66087	66291	70038	76116	58866	113450	54817	65616	72500	70015	67214
12C16O_24h_100_unf_Bacillus_megabin_40_7	12239	414	21815	17674	13312	11279	19290	22178	37507	26227	29822	12272	140124	158675	43109	90998	28643	133793	99236	27081	36643	55113	72618	92271
12C16O_72h_100_P16_coass_bin.15	16586	10528	18485	12079	28658	21528	19374	20552	20607	20426	38343	27755	17082	17769	17599	18446	18527	20220	18820	28019	33431	20056	21520	20973
12C16O_168h_100_P08_coass_bin.7	18929	19107	20149	14025	29032	23860	16113	17883	13955	15786	28058	21467	14540	14895	15347	13554	14877	12968	14644	18341	22209	15394	17832	13703
H1-18-all-fractions_metab_conc_44.Gemmatimonadetes_61_12	2433	1318	3971	2218	2964	2154	5957	6994	6212	6200	9122	4880	5840	8389	8489	5954	8420	7945	7446	8358	6756	5579	7839	7362
H3-18-all-fractions_metab_conc_75.Burkholderiales_69_10	72912	51775	75442	42313	62409	56045	218534	190416	292729	282506	235739	164365	134986	169965	93960	213582	123447	271862	226639	156464	186421	243536	166004	261204
12C18O_168h_50_P09_coass_bin.15	18383	12356	18242	19506	13652	13468	15433	13680	13040	17209	14358	13029	16003	16141	14033	15935	16017	14986	19642	10871	15325	16240	14617	14365
12C18O_48h_100_P08_coass_bin.29	4205	1048	2775	2390	2552	1368	8184	3863	3649	5390	5537	2246	9309	5798	5065	9388	5451	4950	6415	5275	2978	8750	4649	4356
12C18O_168h_50_P10_coass_bin.26	3172	1990	4986	2265	7777	3732	5325	7725	6978	4288	17178	6026	5762	8506	9401	5758	10179	7933	4875	14886	7465	5460	9094	7015
12C16O_48h_50_unf_bin.44	3987	3266	4680	3687	6494	6022	32994	32127	41047	55768	43202	41299	10297	12964	13851	16795	16244	20108	36442	36317	41452	24224	25507	25535
12C16O_0h_50_P13_coass_bin.12	144307	195057	253730	126021	208840	192898	121418	168929	152445	110095	222435	174397	117420	183449	166507	126997	188469	182458	129387	174001	218687	121881	161430	177317
12C16O_168h_50_P13_coass_bin.23	87783	106090	137632	78959	152491	59830	55819	67364	70950	56886	109121	43025	59524	97846	75331	58884	72326	82465	65368	88279	49363	58083	76984	86621
H3-18-all-fractions_metab_conc_69.Acidobacteria_55_11	12107	883	7823	17401	2546	3584	9861	5039	5692	13701	2778	3781	11118	6875	5711	9843	5841	6613	16475	2159	4026	10314	6001	6620
12C16O_168h_50_P10_coass_bin.27	17196	19016	19861	14498	35354	18702	26682	34446	28388	28602	117981	33345	22440	27439	26935	24433	30744	28842	28567	92628	36464	25641	31533	26156
12C16O_24h_100_P16_coass_bin.14	17555	14814	17209	12869	24111	19118	19239	19031	16790	20763	31897	24564	16001	15537	15640	16936	16780	15866	18150	23349	27553	18788	18344	15693
12C18O_72h_100_P16_coass_bin.5	1263	69	1295	1844	503	565	1511	842	1242	2278	617	547	1629	1322	1022	1379	765	1535	2291	409	548	1316	925	1175
12C18O_72h_100_P08_coass_bin.5	56498	43042	49399	57463	33437	31766	36631	32354	25021	38869	27289	23327	40194	36634	33165	39954	34782	31042	49799	21305	29583	41094	35074	32811
12C16O_168h_50_P10_coass_bin.1	54316	14871	35069	74688	43819	8105	31553	17000	24295	60680	41289	8090	36174	31214	19643	31889	21766	28665	76734	28788	7224	35791	21026	22753
H2-18-all-fractions_metab_conc_39.Bacteria_66_9	46344	31210	47842	46205	49162	40675	35947	36819	30727	43613	44693	33567	45220	42843	40529	41406	42945	37698	54401	37212	44577	41036	43104	36075
12C16O_0h_50_unf_bin.20	18142	20619	21906	16421	45076	34271	14519	17911	14735	13633	31483	24250	13779	15256	15804	12318	15155	13198	12602	19661	23020	13596	18075	14042
12C16O_24h_100_unf_bin.43	16279	9194	18679	11825	30471	21075	17151	18505	19819	17649	38134	25702	21019	23888	23630	18634	18661	21899	17797	29059	33201	19080	21280	22090
H3-16-all-fractions_metab_25.Hyalangium_minutum_68_0	41260	40303	48685	43165	39096	43980	140659	108024	135512	216470	92325	105704	43662	49026	57328	67775	64820	76955	86998	52717	79246	63573	61869	64339
12C16O_72h_100_unf_bin.27	13145	10939	13743	10704	17388	14435	15672	15144	14014	16630	23154	18984	12542	12231	12507	13224	13399	12844	14224	16900	21180	19131	19066	16175
H1-18-all-fractions_conc_53.Chloroflexi_64_10	82219	51653	106367	76417	71193	68696	68492	64899	74224	73151	71918	63045	79950	100701	69214	74859	74203	90185	91435	57737	71616	79735	75162	83280
H3-18-all-fractions_metab_conc_100.Actinobacteria_71_31	265306	261644	285432	266068	237737	178674	116796	122206	107334	151771	148069	111584	146747	158546	134407	138187	166201	141183	191858	123416	148106	145726	140584	157353
12C16O_168h_100_unf_bin.9	16921	11446	20416	12421	30256	22216	23273	26638	27918	18551	38966	26686	16986	18950	18270	19427	18781	23427	19022	29710	34262	20440	22234	22935
12C18O_48h_100_P16_coass_bin.13	2099	110	2347	3137	899	883	2667	1640	2377	3821	1161	932	2680	2550	2005	2143	1187	2818	3924	743	1120	1944	1434	2227
12C16O_24h_100_unf_bin.31	8220	5727	10665	10265	10818	7535	8440	10892	9370	12732	13414	9664	10415	13844	15335	7726	10960	9386	11467	8241	8958	8312	12254	10127
12C16O_168h_100_unf_bin.13	14352	15850	16649	10777	23633	18980	17362	20568	16869	11702	22234	17087	11273	12282	12613	10391	11954	10588	10838	14406	17333	11276	14347	11369
H2-16-all-fractions_metab_126.Actinobacteria_69_30	23495	27147	18270	20847	20598	22116	15940	23073	14370	21343	19911	21927	16632	16358	22318	16705	23761	15685	24136	16441	23799	20081	24343	15149
H3-16-all-fractions_metab_conc_31.Alphaproteobacteria_63_0	10089	5674	11282	9900	11185	10652	10021	10984	9858	11543	13185	12232	9203	9626	10138	9198	10783	9626	10677	9430	14700	9825	11045	9507
H1-16-all-fractions_metab_conc_51.Actinobacteria_75_17	49690	68453	53166	47654	63276	55842	39847	51819	37757	46080	57589	48433	46653	46523	52619	44515	53874	43044	55695	48996	59138	46059	60547	43125
12C16O_0h_50_P10_coass_bin.14	19389	789	23048	29655	32257	14871	25402	26635	24074	39661	46449	17752	24854	27056	31163	25612	26789	30009	43429	35974	20425	23279	28678	25903
12C16O_24h_100_P16_coass_bin.16	8992	9192	16572	8025	6510	6839	9648	12071	15842	11435	8639	7999	11869	23198	14693	12238	14649	21036	14413	7516	9520	10428	14274	16869
H2-16-all-fractions_metab_conc_119.Actinobacteria_73_28	39353	50749	36047	39150	39628	39285	29909	37530	26769	34189	36579	32211	32736	30206	35782	34154	39758	27403	41176	28698	39313	34540	41189	27858
12C16O_48h_50_P10_coass_bin.39	3740	1837	3733	2079	8122	5830	43932	22052	36951	38725	61579	42820	13997	12096	10855	24241	11587	24150	19868	50925	39990	33024	14798	24512
12C16O_168h_50_P13_coass_bin.21	27532	26442	31530	26107	41103	24818	19723	20295	19059	21392	33693	19450	24254	26822	22823	23172	23753	24348	27686	29279	23591	23623	24973	23452
12C16O_0h_50_P13_coass_bin.10	109959	89448	113282	96931	113789	78057	75736	64419	70955	77066	92064	59363	96836	98894	71798	92179	77389	86582	102817	79616	72091	92648	79585	84516
12C16O_72h_100_P08_coass_bin.6	3681	3855	4872	3671	3962	4400	17259	16784	22890	24325	15785	17549	6043	8732	7777	9002	10608	12427	13546	10867	14998	12209	12295	13648
12C18O_168h_50_P13_coass_bin.18	13709	12024	14664	10900	19026	16136	14564	16355	14568	16415	23642	20353	12302	12905	13463	13005	14507	13393	14336	17021	23010	14395	15564	13143
H2-16-all-fractions_metab_75.Sphingomonadales_65_38	10040	9030	12302	10157	8979	11363	57693	49421	67729	82411	41580	53227	18340	24494	22325	29569	31336	37724	44555	28759	46192	40450	35018	40905
12C18O_168h_100_P16_coass_bin.4	42376	21405	48135	32207	68573	49571	44698	46184	49649	47859	86711	60768	44209	47037	43625	47716	45735	53735	47860	66471	76653	48374	52343	53366
H1-16-all-fractions_conc_93.Chloroflexi_54_9	3130	670	2719	2992	1431	2406	2052	1554	1666	2052	1358	1444	2616	2112	1991	2403	2097	1976	2877	1223	2670	2611	2012	1913
H2-18-all-fractions_metab_49.Bacteria_55_6	17413	1470	16929	27202	5994	8607	16280	10345	12168	22630	6343	8482	18069	14821	12064	15337	9529	13662	25105	4571	9170	16475	11321	14257
H2-16-all-fractions_metab_conc_101.Burkholderiales_63_22	26412	18757	29102	17611	33610	31736	71386	53660	76011	80738	85368	56554	66130	89342	37967	88978	38648	99720	78378	55634	74503	84962	51783	81321
H3-16-all-fractions_metab_conc_87.Propionibacteriales_68_0	6065	6734	6831	5375	7643	10682	7475	7423	6687	8152	10007	16020	4852	5741	5712	4659	6389	5352	5902	5978	11662	5762	7394	6374
H1-18-all-fractions_metab_conc_103.Sphingomonadales_66_15	8867	8880	11266	9237	8036	10873	52335	46615	62668	78003	37743	53250	16222	22293	21050	26235	29175	34053	40756	26125	44498	36868	33830	37911
12C16O_168h_100_P14_coass_bin.2	2517	56	2571	3725	970	1118	3304	1849	2838	4917	1048	1247	3417	2917	2660	3096	1680	3366	5004	764	1402	2769	1897	2519
12C16O_72h_100_P14_coass_bin.28	1450	961	2657	922	3473	1194	2712	3827	3491	1948	7989	2107	2939	5468	5280	2996	5711	4515	2275	7385	2871	2692	5006	4108
12C16O_168h_100_P08_coass_bin.5	22598	14540	22102	24748	18111	16956	20177	16990	16415	21617	18632	16635	20307	19458	16839	20619	19534	18207	24297	14636	18267	20418	17868	17140
12C16O_168h_100_P08_coass_bin.31	88621	79713	74439	81892	40758	42257	299692	222300	164437	357774	140922	144068	121498	110256	111828	182390	150837	147027	235880	107597	138850	210929	149037	111078
H2-18-all-fractions_metab_conc_22.Proteobacteria_61_13	6896	6360	8946	7383	8602	15537	9552	15648	9310	10175	11076	18340	7397	7649	12105	7365	11673	6859	8335	7219	17749	9829	13422	6949
12C16O_72h_100_P16_coass_bin.38	12965	8794	13898	13618	10436	10109	11207	10386	9727	12527	10781	10160	12008	11547	10395	11906	11749	10911	13946	8380	11851	12035	10907	10209
12C18O_24h_100_P16_coass_bin.17	4319	4549	9542	3575	3220	3551	5005	6358	9811	5766	4862	4329	6012	14496	7964	6112	7855	12067	6813	3663	4872	4864	7587	9154
H2-18-all-fractions_metab_63.Massilia_66_19	10622	8939	14464	9663	12993	13268	44286	39930	44192	62770	34375	27209	21058	66549	16393	37794	30575	94015	65690	20613	33616	47026	38344	60955
12C18O_168h_50_P13_coass_bin.20	2435	2773	3598	2537	2728	3623	13534	14551	20365	20724	13551	17380	4630	7392	6701	6944	8887	10651	11175	9218	14116	9834	10484	11805
12C18O_168h_50_P09_coass_bin.3	11800	2690	8503	13429	2476	5611	23960	12275	12116	31229	5139	8474	26869	17180	16707	25803	15891	16164	40365	5256	13392	24435	14075	14302
12C16O_0h_50_unf_bin.34	132115	141572	135585	147050	152580	98199	90443	104125	74212	102554	118877	70492	95809	96655	103464	97662	113464	87924	126760	95660	89227	101177	111815	89875
12C18O_72h_100_P14_coass_bin.10	1106	752	1773	649	2616	1004	1948	2893	2845	1482	5699	1878	2261	3280	3795	2257	4096	3214	1671	5098	2420	2042	3417	2756
12C16O_72h_100_P16_coass_bin.39	1711	1025	3366	1275	3133	1305	3130	4235	4672	2732	7060	2361	3336	6388	5480	3240	6099	5945	3366	6229	2823	3360	5628	5392
H3-16-all-fractions_metab_maxbC_136.Myxococcales_66_0	3429	2699	4968	4162	3726	3872	5838	8054	11872	10403	7261	8184	4055	5474	5722	5227	7015	8856	9004	4812	7903	5308	6895	7090
12C18O_168h_50_P13_coass_bin.21	10256	789	14871	4657	26113	24450	25497	30603	31166	20564	65748	60449	15745	18870	20364	15290	15823	21946	11398	35524	54854	19949	25614	24488
12C18O_24h_100_P16_coass_bin.16	9896	6301	11226	7423	16328	12247	10883	11784	11960	11420	21139	15161	10249	10520	10494	11501	10877	12525	11438	15832	19061	11767	12637	12745
12C18O_168h_50_P10_coass_bin.25	893	905	1267	565	1723	1913	6531	7577	11793	5731	12760	13328	1961	3350	3030	3232	3815	5315	2416	7450	10506	4052	4961	6118
H3-16-all-fractions_metab_47.Bacteria_61_0	17638	2071	7137	14054	5919	8634	28116	7386	8341	24348	9835	8411	27685	9115	6976	26306	7075	7922	26212	8287	12266	28634	6745	8122
12C16O_168h_100_P14_coass_bin.3	162656	188486	230389	164108	179851	135542	101191	122684	111985	107714	133327	89704	116843	167737	132957	111785	137250	141039	134983	108458	113559	114924	142023	152032
H3-16-all-fractions_metab_conc_83.Actinobacteria_70_0	299756	276747	292451	281239	224336	214713	206629	194941	169269	223152	182128	162725	235462	232778	205424	225335	208393	195908	275143	149118	192638	237085	221368	206704
12C18O_168h_100_P16_coass_bin.28	13333	10999	14009	10276	18205	15450	15586	16377	15268	17144	24545	20525	12840	13131	12656	13768	14099	14191	14729	17898	22785	15127	15714	13661
12C16O_168h_50_P09_coass_bin.3	21260	14115	21107	22823	16638	15466	17887	15476	14881	20965	17600	15280	19263	18670	16084	19554	18309	17436	23395	13181	17644	19043	17091	17098
12C16O_48h_50_unf_bin.20	1670	52	1694	2618	596	684	2134	1095	1743	3182	675	757	2381	2015	1549	1972	962	2293	8801	1257	1993	1905	1195	1610
12C18O_168h_50_P09_coass_bin.16	2226	37	2090	3120	612	753	2855	1395	2224	4148	711	895	2993	2330	1886	2605	1131	2801	4222	488	1025	2231	1508	1989
H3-18-all-fractions_metab_conc_57.Acidobacteria_56_18	1684	495	1970	2234	1234	1526	2067	2190	1746	2689	1613	1871	1679	1928	1981	1852	2175	2266	2497	1054	1973	1783	2100	2003
H3-16-all-fractions_metab_conc_32.Actinobacteria_69_0	60833	62137	52530	61531	41891	60740	43989	49542	30300	50134	36046	45426	44876	39796	45498	44459	50776	34140	58077	29309	59485	48488	52870	35318
12C16O_0h_50_P13_coass_bin.4	20199	13916	24372	14232	41137	29087	22618	25239	26889	22352	51781	35258	20501	23726	23179	23631	24859	29558	22090	39996	45303	23959	28595	29204
12C16O_168h_100_P08_coass_bin.27	374464	458955	582357	366698	468149	312454	227209	290906	281617	241457	338954	204656	263791	429567	319641	254419	335852	355335	303230	276808	259623	259767	338816	384540
12C16O_48h_100_unf_bin.29	1702	25	1786	2574	589	722	2130	1214	1924	3237	630	774	2175	2030	1502	5146	2516	5940	3448	445	806	1899	1213	1729
H2-16-all-fractions_metab_conc_33.Sphingomonadales_63_10	1172	1119	1463	1159	1046	1576	6006	6407	7850	9305	4811	7367	2008	2951	3014	3180	4043	4458	5318	3635	6464	4431	4908	4745
H3-16-all-fractions_metab_43.Acidobacteria_54_0	1328	233	1286	1515	694	880	1338	1095	1069	1989	920	1026	1366	1066	1179	1298	999	1280	1751	583	1187	1283	1344	1091
12C16O_168h_100_unf_bin.12	110763	66091	126411	101033	96303	89654	145035	161142	133427	134450	152740	130275	108141	122087	137641	112105	137129	114963	121081	90331	124734	124154	144882	125441
H3-18-all-fractions_metab_conc_70.Bacteria_59_10	870	184	830	898	726	840	864	651	759	1116	747	811	814	785	704	684	631	667	1028	615	907	764	782	691
12C16O_48h_50_P10_coass_bin.38	55551	65473	62510	62541	73098	63648	35277	49992	29888	39626	58066	45354	37371	42498	47841	35064	50682	35317	47476	44816	59362	38518	53186	39818
12C16O_168h_100_P16_coass_bin.27	9421	9699	19356	9611	6665	7748	12151	13871	20830	14511	9162	8704	14353	29769	17263	14846	17618	25517	17898	8131	10225	12175	16523	19266
12C16O_24h_100_P16_coass_bin.17	24498	26326	27844	23358	38915	23351	17474	19728	17504	19504	31514	19192	21145	24334	21215	20358	23158	21647	25744	27331	23423	21106	23507	21469
