"","taxonID","comparisonID","trt.code.1","trt.code.2","wad1.obs.mean","wad2.obs.mean","wad1.boot.mean","wad1.boot.median","wad1.boot.CI.L","wad1.boot.CI.U","wad2.boot.mean","wad2.boot.median","wad2.boot.CI.L","wad2.boot.CI.U","wad.diff.obs","wad.diff.boot.mean","wad.diff.boot.median","wad.diff.boot.CI.L","wad.diff.boot.CI.U","wad.diff.p.value","ape.obs","ape.boot.mean","ape.boot.median","ape.boot.CI.L","ape.boot.CI.U","r.obs","r.boot.mean","r.boot.median","r.boot.CI.L","r.boot.CI.U","f.obs","f.boot.mean","f.boot.median","f.boot.CI.L","f.boot.CI.U","N1.obs.mean","N2.obs.mean","N1.boot.mean","N1.boot.median","N1.boot.CI.L","N1.boot.CI.U","N2.boot.mean","N2.boot.median","N2.boot.CI.L","N2.boot.CI.U","N.obs.mean","N.boot.mean","N.boot.median","N.boot.CI.L","N.boot.CI.U","message","AFE_48h","AFE_168h","taxonomy","bin"
"1","sip118",3,"t168_16O_t48_16O","t48_18O",1.72244460273582,1.72965852833432,1.72245102777416,1.72252375580323,1.72006779469372,1.72433222129623,1.72970249182368,1.72965852833432,1.72801525040346,1.73229847886345,0.00721392559850931,0.00725146404951692,0.00716606522182672,0.00444585688559794,0.0104441393760228,0.011,0.106643746643048,0.107208508118261,0.105926654984237,0.0656662591842031,0.154451773908492,312.567008059939,311.947412434009,310.458378224384,205.40481725734,434.809184669461,5.20945013433233,5.19912354056681,5.17430630373974,3.42341362095566,7.24681974449102,3688.00004124368,3154.29634303718,3701.16656547659,3674.20855190636,2767.90384933289,4794.48202637834,3156.62558861654,3154.29634303718,2819.98348511897,3447.64092567077,3510.09880850818,3519.65290652324,3500.28369040251,2877.95943600479,4230.61553522729,"none",0.106643747,0.131460776,"d__Bacteria;p__Actinobacteriota;c__Actinomycetia;o__Propionibacteriales;f__Nocardioidaceae;g__JABFXA01;s__","12C16O_0h_50_P09_coass_bin.13"
"2","sip118",5,"t168_16O_t48_16O","t168_18O",1.72244460273582,1.73133727846341,1.72245102777416,1.72252375580323,1.72006779469372,1.72433222129623,1.73131049653176,1.73133727846341,1.72967447634908,1.73220188536092,0.00889267572759356,0.00885946875760387,0.0088367815019883,0.00640010306516996,0.0114619933240052,0.013,0.131460776011916,0.130979723053793,0.130676504616423,0.0945674191224049,0.169696335115351,113.072669469062,112.001457963461,111.739794076533,86.4147173452113,136.462617344659,1.88454449115104,1.86669096605769,1.86232990127555,1.44024528908686,2.27437695574432,3688.00004124368,3439.89220332217,3701.16656547659,3674.20855190636,2767.90384933289,4794.48202637834,3443.80079586906,3439.89220332217,3257.55552316058,3660.1019722745,3605.29742860318,3615.37797560741,3602.36986350268,2985.09716449422,4335.43047119954,"none",0.106643747,0.131460776,"d__Bacteria;p__Actinobacteriota;c__Actinomycetia;o__Propionibacteriales;f__Nocardioidaceae;g__JABFXA01;s__","12C16O_0h_50_P09_coass_bin.13"
"3","sip119",3,"t168_16O_t48_16O","t48_18O",1.71438162077634,1.74541673535648,1.71435297332856,1.71439274511091,1.71170500123708,1.71613089124856,1.74537202918717,1.74541673535648,1.74263082875881,1.74683437560822,0.0310351145801386,0.0310176249972583,0.0310253842661457,0.0279042549481823,0.0341250867347636,0.012,0.460879452790226,0.460639103777067,0.460732340140751,0.414070077462749,0.507270904219698,144.413445301871,144.521737283901,144.827338761021,88.7938059836934,197.910103043793,2.40689075503118,2.40869562139835,2.41378897935035,1.47989676639489,3.29850171739655,445.507645301074,234.763696122099,444.3584891965,447.413212096899,243.73838328828,616.875736362948,236.919987645759,234.763696122099,87.2817423400432,392.417014541636,375.259662241415,375.21232201292,377.458866131201,240.083540691707,494.048841054881,"Warning: no occurrences in rep rA_t48_16O (t48_16O/t168_16O)",0.460879453,0.620319874,"d__Bacteria;p__Proteobacteria;c__Alphaproteobacteria;o__Sphingomonadales;f__Sphingomonadaceae;g__Sphingomicrobium;s__","12C16O_48h_50_P10_coass_bin.39"
"4","sip119",5,"t168_16O_t48_16O","t168_18O",1.71438162077634,1.75615327765195,1.71435297332856,1.71439274511091,1.71170500123708,1.71613089124856,1.75608749045511,1.75615327765195,1.75220190612801,1.7625,0.0417716568756148,0.0417349704662563,0.0415791963231518,0.0370396603025902,0.0478882153919224,0.007,0.620319873904854,0.619797062786304,0.617287095617728,0.549474137346758,0.71220669728336,57.8147811354271,57.7718868885521,57.8147811354271,36.8305743754619,77.8213538907937,0.963579685590451,0.962864781475868,0.963579685590451,0.613842906257699,1.29702256484656,445.507645301074,280.975206648107,444.3584891965,447.413212096899,243.73838328828,616.875736362948,283.691401044256,280.975206648107,126.302449417108,422.820683466892,390.663499083418,390.802793145752,391.376134499343,250.971734714048,507.613451309607,"Warning: no occurrences in rep rA_t48_16O (t48_16O/t168_16O)",0.460879453,0.620319874,"d__Bacteria;p__Proteobacteria;c__Alphaproteobacteria;o__Sphingomonadales;f__Sphingomonadaceae;g__Sphingomicrobium;s__","12C16O_48h_50_P10_coass_bin.39"
"5","sip12",5,"t168_16O_t48_16O","t168_18O",1.72703149091323,1.74312563479211,1.72703346067197,1.72702334826417,1.72535455049438,1.72916489701173,1.74300635020375,1.74312563479211,1.73550886489513,1.74741846911437,0.0160941438788753,0.0159687962858699,0.0162041860617934,0.00865557014867255,0.0213218277715567,0.018,0.237309441971138,0.235469043742647,0.23890256871181,0.127640245870887,0.314635312124266,38.5025873381896,37.2055199727605,37.1645517238692,26.4755471987535,47.1936180067881,0.641709788969827,0.620091999546008,0.61940919539782,0.441259119979225,0.786560300113134,626.523667440255,787.167008151384,625.686904583855,626.83576240824,327.377809914933,900.662113608034,797.251222731453,787.167008151384,442.744029885052,1425.79935444543,680.071447677298,682.875010633054,680.071447677298,442.573763212581,938.031944719424,"Warning: no occurrences in rep rA_t48_16O (t48_16O/t168_16O)",0,0.237309442,"d__Bacteria;p__Proteobacteria;c__Alphaproteobacteria;o__Rhizobiales;f__Beijerinckiaceae;g__Microvirga;s__","12C16O_0h_100_P14_coass_bin.15"
"6","sip120",5,"t168_16O_t48_16O","t168_18O",1.72497703295177,1.73099458301188,1.72497968772059,1.72501640106407,1.72344116338816,1.72625142482278,1.73097009227073,1.73099458301188,1.72631068456981,1.73565222874666,0.00601755006010629,0.00599040455013144,0.00596287105810767,0.00153350099513569,0.01034567339171,0.038,0.0888314175741687,0.0884349773352099,0.0880214530384486,0.0226397638728516,0.152697686085667,46.3318434461934,45.9015062661618,44.9824474446693,11.703743581833,81.4580172799995,0.772197390769891,0.765025104436029,0.749707457411155,0.19506239303055,1.35763362133333,2166.85306040238,2224.93529869749,2174.35602723663,2169.33839843827,1556.8016853138,2839.55063226975,2226.64245191246,2224.93529869749,1771.9501042394,2731.07807981547,2186.21380650075,2191.78483546191,2182.90002245291,1739.84763298286,2648.49571197124,"none",-0.003462164,0.088831418,"d__Bacteria;p__Actinobacteriota;c__Thermoleophilia;o__Solirubrobacterales;f__Thermoleophilaceae;g__;s__","H3-16-all-fractions_metab_conc_83.Actinobacteria_70_0"
"7","sip127",3,"t168_16O_t48_16O","t48_18O",1.72808744675033,1.73866244618617,1.72810235090605,1.72806457581376,1.72630212571327,1.73018791439425,1.73873250208217,1.73866244618617,1.73389226730729,1.7437783488655,0.0105749994358424,0.0106301511761214,0.0105978703724188,0.00572647112750752,0.0154457162991109,0.014,0.155837104950242,0.156657150701657,0.156176206499901,0.0843134004706401,0.227815464583343,258.065522880782,257.284121044185,257.825053182341,145.690353386044,372.278952155623,4.30109204801304,4.28806868406975,4.29708421970568,2.42817255643407,6.20464920259371,2292.70181861818,1364.25393983811,2296.97677990361,2288.32910028792,1882.05440074443,2759.90401819738,1358.4586336566,1364.25393983811,965.347379991223,1673.80699026941,1983.21919235816,1984.13739782128,1975.1985519894,1684.87952626766,2294.69290238354,"none",0.155837105,0.278102944,"d__Bacteria;p__Actinobacteriota;c__Actinomycetia;o__Streptomycetales;f__Streptomycetaceae;g__Streptomyces;s__Streptomyces sp001746295","H2-16-all-fractions_metab_conc_5.Streptomyces_sviceus_71_22"
"8","sip127",5,"t168_16O_t48_16O","t168_18O",1.72808744675033,1.74695932247207,1.72810235090605,1.72806457581376,1.72630212571327,1.73018791439425,1.74696918122124,1.74695932247207,1.74109026020517,1.75443660345832,0.0188718757217421,0.0188668303151933,0.0187224962313497,0.0128711587418713,0.0263221553062303,0.016,0.278102944146662,0.278035964118113,0.275764548818934,0.189507860692989,0.387886960353698,162.828176453308,161.918854530533,161.357274988023,108.734931750081,207.140517194535,2.71380294088847,2.69864757550889,2.68928791646704,1.81224886250135,3.45234195324226,2292.70181861818,2777.08898165045,2296.97677990361,2288.32910028792,1882.05440074443,2759.90401819738,2801.09825140375,2777.08898165045,1572.47982600457,4407.47390576208,2454.1642062956,2465.01727040366,2448.31156239795,1952.23266721072,3049.36185226503,"none",0.155837105,0.278102944,"d__Bacteria;p__Actinobacteriota;c__Actinomycetia;o__Streptomycetales;f__Streptomycetaceae;g__Streptomyces;s__Streptomyces sp001746295","H2-16-all-fractions_metab_conc_5.Streptomyces_sviceus_71_22"
"9","sip136",5,"t168_16O_t48_16O","t168_18O",1.72831299900903,1.75206938325741,1.72826533176105,1.72831299900903,1.7235,1.7375,1.75194592955809,1.75206938325741,1.74672554726692,1.7625,0.0237563842483794,0.0236740335047214,0.0233969174258499,0.0137994347658885,0.0338275341684378,0.0467479674796748,0.350038703665135,0.348964167027409,0.345704853304247,0.202780389512045,0.499824080433078,27.061835916771,27.0684375381446,26.9016674746921,9.45876741666281,45.0636323672534,0.45103059861285,0.451140625635743,0.448361124578201,0.157646123611047,0.751060539454223,269.966511227495,432.236696261713,270.091199922139,269.966511227495,62.7432683701997,497.622614692663,437.167471335584,432.236696261713,155.840465541406,691.486334513886,324.056572905568,325.783290393287,324.056572905568,156.94881446771,494.821270720258,"Warning: no occurrences in rep rA_t168_16O & rA_t48_16O & rC_t168_16O (t48_16O/t168_16O)",0,0.350038704,"d__Bacteria;p__Proteobacteria;c__Alphaproteobacteria;o__Rhizobiales;f__Beijerinckiaceae;g__Microvirga;s__","12C16O_0h_100_P16_coass_bin.1"
"10","sip147",3,"t168_16O_t48_16O","t48_18O",1.73170583868259,1.7542521341714,1.73155061567739,1.73123311441363,1.72285768332299,1.74749941832525,1.7541186049774,1.7542521341714,1.74474225139917,1.7625,0.0225462954888032,0.0225619304624421,0.0233392934567129,0.00517080441984739,0.0367244048279179,0.094,0.331579439949272,0.33226162392173,0.343706899298259,0.0755451998561752,0.54267942957248,123.243521332729,129.117629185038,121.972092652315,16.4095514165163,279.933784919282,2.05405868887882,2.1519604864173,2.03286821087192,0.273492523608605,4.66556308198803,534.314966402767,266.763881942073,534.4565546193,525.336195342887,121.195438940678,979.021360106933,264.333598262431,266.763881942073,27.7531068328644,567.679632715152,445.131271582536,444.415569167011,437.39468785175,157.676067643756,772.349292094634,"Warning: no occurrences in rep rA_t48_16O (t48_16O/t168_16O)",0.33157944,0.452877537,"d__Bacteria;p__Proteobacteria;c__Gammaproteobacteria;o__Xanthomonadales;f__Xanthomonadaceae;g__Luteimonas_B;s__","H3-16-all-fractions_metab_conc_13.Lysobacter_68_0"
"11","sip147",5,"t168_16O_t48_16O","t168_18O",1.73170583868259,1.7625,1.73155061567739,1.73123311441363,1.72285768332299,1.74749941832525,1.7625,1.7625,1.7625,1.7625,0.0307941613174072,0.0309493843226069,0.0312668855863698,0.0150005816747487,0.0396423166770072,0.061,0.452877536729006,0.455634610531072,0.459955264805465,0.218613803599162,0.585998012265281,50.7068126801813,52.9657904281636,51.0681566404783,12.8008600173776,105.099492652863,0.845113544669689,0.882763173802727,0.851135944007972,0.213347666956293,1.75165821088105,534.314966402767,339.317475555228,534.4565546193,525.336195342887,121.195438940678,979.021360106933,338.141929558432,339.317475555228,266.925514153497,454.001697813373,469.315802786921,469.018346265677,462.800107587168,191.743294914624,765.316744124428,"Warning: no occurrences in rep rA_t48_16O (t48_16O/t168_16O)",0.33157944,0.452877537,"d__Bacteria;p__Proteobacteria;c__Gammaproteobacteria;o__Xanthomonadales;f__Xanthomonadaceae;g__Luteimonas_B;s__","H3-16-all-fractions_metab_conc_13.Lysobacter_68_0"
"12","sip156",5,"t168_16O_t48_16O","t168_18O",1.71712479001109,1.72310884107631,1.71713134111564,1.71712479001109,1.71393833415366,1.72036239241551,1.72303191488149,1.72310884107631,1.71984237200321,1.72936632992122,0.00598405106521827,0.00590057376585272,0.00570523178129978,0.000696032731009266,0.012053679627367,0.076,0.0887274285682381,0.0875107109989404,0.0845840747600677,0.0103076125184687,0.17901750926519,15.2262209302763,14.9099338161236,14.539456548877,1.7691312773523,30.2273030902398,0.253770348837939,0.248498896935393,0.242324275814617,0.0294855212892051,0.50378838483733,674.60680354514,808.705356443002,675.04870170997,674.60680354514,496.832946689754,855.690720495897,816.275876777147,808.705356443002,423.142177051469,1222.2691097473,719.30632117776,722.124426732363,719.30632117776,555.592013620269,897.869816313654,"none",-0.022401304,0.088727429,"d__Bacteria;p__Gemmatimonadota;c__Gemmatimonadetes;o__Gemmatimonadales;f__GWC2-71-9;g__JACDDX01;s__","12C16O_0h_50_P09_coass_bin.29"
"13","sip161",3,"t168_16O_t48_16O","t48_18O",1.71428318211331,1.71722053780469,1.71427774692956,1.71431073447075,1.71239991211215,1.71575017861669,1.71719228304435,1.71722053780469,1.71554878004069,1.71833891095819,0.00293735569138209,0.00291453611479385,0.00290094817578057,0.000710280199316626,0.00505505341325051,0.027,0.0436229113246926,0.043290262088469,0.0430953591766815,0.0105404548062466,0.0751737214540339,64.5675965084356,64.2881296822736,64.1280925167441,15.1183246368199,114.773546155002,1.07612660847393,1.07146882803789,1.06880154194574,0.251972077280332,1.91289243591671,1837.55525620884,1642.69964799133,1840.08023025594,1819.14725094538,1414.0991917726,2374.07241162961,1630.40658219967,1642.69964799133,945.000066573473,2203.40053038308,1772.603386803,1770.18901423718,1757.54812644824,1431.45857199761,2202.34448065765,"none",0.043622911,0.097248529,"d__Bacteria;p__Proteobacteria;c__Alphaproteobacteria;o__Rhizobiales;f__Xanthobacteraceae;g__Bradyrhizobium;s__","H1-16-all-fractions_metab_conc_2.Bradyrhizobium_62_16"
"14","sip161",5,"t168_16O_t48_16O","t168_18O",1.71428318211331,1.7208314273348,1.71427774692956,1.71431073447075,1.71239991211215,1.71575017861669,1.72074580252656,1.7208314273348,1.71480983955789,1.72585233300891,0.00654824522148667,0.00646805559699663,0.0065454331575312,0.000988164847479651,0.0118077317279335,0.064,0.0972485291676934,0.0960645976491392,0.0972066075191624,0.0146792698530214,0.175382004990982,41.0508917715197,40.9287795385402,40.5373950134758,6.41647475233105,76.4289769853554,0.684181529525328,0.682146325642337,0.675623250224598,0.106941245872184,1.27381628308926,1837.55525620884,1633.00608826692,1840.08023025594,1819.14725094538,1414.0991917726,2374.07241162961,1621.29553551431,1633.00608826692,991.623825352784,2225.2790720951,1769.3722002282,1767.1519986754,1752.14050107075,1430.97685398583,2189.55667114392,"none",0.043622911,0.097248529,"d__Bacteria;p__Proteobacteria;c__Alphaproteobacteria;o__Rhizobiales;f__Xanthobacteraceae;g__Bradyrhizobium;s__","H1-16-all-fractions_metab_conc_2.Bradyrhizobium_62_16"
"15","sip166",5,"t168_16O_t48_16O","t168_18O",1.73201662102583,1.74655886989081,1.73205770259538,1.73207891910712,1.72496736774523,1.73896157404386,1.74645193081849,1.74655886989081,1.7394523879579,1.75138048059702,0.0145422488649767,0.0143942282231125,0.0144064109847457,0.00559496486408029,0.0231156783176724,0.037,0.213830001399334,0.211757491391594,0.211923223795369,0.0820332085674099,0.340798767655152,132.926635177171,132.750218009331,122.653115917501,36.8992563958095,282.061632891886,2.21544391961951,2.21250363348885,2.04421859862502,0.614987606596825,4.70102721486477,2171.02214890793,3475.03058848875,2169.82323688432,2117.48933262767,771.780505071709,3906.60134940883,3545.10209498018,3475.03058848875,1155.4944981441,7802.57913920859,2605.6916287682,2628.24952291628,2605.15422500642,1157.4403724144,4226.92208971479,"none",0.109025119,0.213830001,"d__Bacteria;p__Gemmatimonadota;c__Gemmatimonadetes;o__Longimicrobiales;f__Longimicrobiaceae;g__;s__","12C16O_48h_50_P10_coass_bin.29"
"16","sip170",5,"t168_16O_t48_16O","t168_18O",1.71672038845576,1.72720704191459,1.71672138235859,1.71681285636827,1.71419116920869,1.71854071379593,1.72717527621739,1.72720704191459,1.72433208661525,1.73131331723795,0.0104866534588284,0.0104538938587995,0.0102313255951731,0.00681163980123136,0.0150251624293103,0.011,0.155524361959695,0.155049669781204,0.151715356536154,0.10097349274663,0.223080805952092,147.688382180845,146.10627596944,143.61262439537,102.371707734981,202.290293793618,2.46147303634742,2.43510459949067,2.39354373992283,1.70619512891636,3.3715048965603,4012.77825897127,3915.66636795222,4021.2348180694,3980.59818227455,3234.4509815036,5115.34114989944,3926.83941783125,3915.66636795222,2666.07045597963,4871.25001489245,3980.40762863159,3989.76968465668,3963.86731692994,3314.08933105834,4822.03811064343,"none",0.099914056,0.155524362,"d__Bacteria;p__Proteobacteria;c__Alphaproteobacteria;o__Rhizobiales;f__Xanthobacteraceae;g__Bradyrhizobium;s__Bradyrhizobium canariense","12C16O_24h_100_unf_bin.5"
"17","sip170",3,"t168_16O_t48_16O","t48_18O",1.71672038845576,1.72345736567023,1.71672138235859,1.71681285636827,1.71419116920869,1.71854071379593,1.72349494262984,1.72345736567023,1.72139439862433,1.72545045082208,0.00673697721447275,0.00677356027124299,0.00673697721447275,0.00403473737228779,0.00997853026833417,0.014,0.0999140561792674,0.100467207648987,0.0999140561792674,0.0597915477273838,0.148153635834394,315.992515869,316.44239043359,312.385434922145,195.997470284749,468.271157215274,5.26654193115001,5.27403984055984,5.20642391536908,3.26662450474582,7.80451928692124,4012.77825897127,3337.18328727213,4021.2348180694,3980.59818227455,3234.4509815036,5115.34114989944,3331.23791010713,3337.18328727213,2789.59489759531,4046.82019945243,3787.57993507156,3791.23584874864,3757.26795265709,3205.37941962327,4543.86744875225,"none",0.099914056,0.155524362,"d__Bacteria;p__Proteobacteria;c__Alphaproteobacteria;o__Rhizobiales;f__Xanthobacteraceae;g__Bradyrhizobium;s__Bradyrhizobium canariense","12C16O_24h_100_unf_bin.5"
"18","sip173",5,"t168_16O_t48_16O","t168_18O",1.72251044038207,1.72641604013948,1.72251744715496,1.72257567929807,1.71997174820903,1.72453054629136,1.72638631169862,1.72641604013948,1.72511606930364,1.72893718578275,0.00390559975740978,0.00386886454366056,0.00380066474426044,0.00108719127352108,0.00690216743924645,0.042,0.0577345017162711,0.0572021170437127,0.056222306542995,0.0160567534481388,0.102203756845535,35.5122826533754,34.9780652633697,34.3146165604161,10.4313842749953,63.690959451892,0.591871377556256,0.582967754389495,0.571910276006936,0.173856404583255,1.06151599086487,2400.10528358382,2934.49999196686,2407.08355173928,2375.96533568862,1897.27886581096,3044.99402957245,2954.05802613179,2934.49999196686,1861.31411580344,4288.87635827754,2578.23685304483,2589.40837653678,2578.23685304483,2079.46025463328,3185.35874381962,"none",0.003246546,0.057734502,"d__Bacteria;p__Actinobacteriota;c__Thermoleophilia;o__Gaiellales;f__Gaiellaceae;g__;s__","12C16O_168h_100_P08_coass_bin.11"
"19","sip175",3,"t168_16O_t48_16O","t48_18O",1.7351510197594,1.74440628422034,1.73517836463954,1.73526833838822,1.73050881268105,1.73967517046626,1.74436692167349,1.74440628422034,1.74193443665486,1.74567727316407,0.00925526446094427,0.00918855703395171,0.00902222019424026,0.00422723864461515,0.0144970484371666,0.009,0.135852272636427,0.134920542723684,0.132380436562619,0.0618708049401185,0.213287900179734,55.666128215718,56.2037315544509,54.477900610576,21.5305416244007,105.080848854598,0.927768803595299,0.936728859240849,0.907965010176267,0.358842360406679,1.75134748090996,455.236013887606,561.694581189273,455.497543894386,457.264819681313,256.855231024935,678.263120387451,570.078602620043,561.694581189273,215.948888290211,1109.62307009453,490.722202988161,493.691230136272,492.011818225415,279.840450389166,713.22396322144,"none",0.135852273,0.207388368,"d__Bacteria;p__Actinobacteriota;c__Actinomycetia;o__Actinomycetales;f__Dermatophilaceae;g__Ornithinibacter;s__","12C16O_48h_100_P08_coass_bin.8"
"20","sip175",5,"t168_16O_t48_16O","t168_18O",1.7351510197594,1.74927985366542,1.73517836463954,1.73526833838822,1.73050881268105,1.73967517046626,1.74913574984797,1.74927985366542,1.73778282163521,1.7625,0.0141288339060202,0.0139573852084372,0.0135108649919962,0.00227867292833667,0.0267310113265775,0.034,0.207388368418335,0.204920871335569,0.198246981869125,0.0334388647786113,0.392228923466763,25.5200921361397,23.8483875577327,23.5904545053583,6.15014291826829,46.938283130894,0.425334868935661,0.397473125962212,0.393174241755971,0.102502381971138,0.782304718848233,455.236013887606,636.914256066418,455.497543894386,457.264819681313,256.855231024935,678.263120387451,647.067549613645,636.914256066418,135.78028881217,1324.02182959765,515.79542794721,519.354212467473,522.040492182965,279.043919427652,774.36684977966,"none",0.135852273,0.207388368,"d__Bacteria;p__Actinobacteriota;c__Actinomycetia;o__Actinomycetales;f__Dermatophilaceae;g__Ornithinibacter;s__","12C16O_48h_100_P08_coass_bin.8"
"21","sip181",3,"t168_16O_t48_16O","t48_18O",1.73596400687024,1.75564146768498,1.73594274306044,1.73623409051516,1.72879686205656,1.74079585731149,1.7554219946509,1.75564146768498,1.74192440305495,1.7625,0.0196774608147399,0.0194721665000232,0.0196774608147399,0.00690305854406237,0.030890752853678,0.07,0.288702469591437,0.285780111229602,0.288702469591437,0.100935866039717,0.454360762939752,56.9336057575727,53.5892961054626,51.0337149122385,21.3529195976352,102.602694258684,0.948893429292878,0.893154935091044,0.850561915203975,0.355881993293919,1.7100449043114,206.99111699032,294.536024185498,208.344914203279,205.924024454652,47.980590357266,386.660272128678,301.758415302557,294.536024185498,50.5245309892297,751.167403512594,236.172752722046,239.482747903038,236.559509903541,82.8365153279596,418.449818189205,"Warning: no occurrences in rep rA_t168_16O & rA_t48_16O (t48_16O/t168_16O)",0.28870247,0,"d__Bacteria;p__Actinobacteriota;c__Actinomycetia;o__Actinomycetales;f__Dermatophilaceae;g__Ornithinibacter;s__","12C16O_72h_100_P08_coass_bin.2"
"22","sip184",5,"t168_16O_t48_16O","t168_18O",1.71939835644388,1.728102499877,1.71939169341974,1.71940333039744,1.71793772786571,1.72077451276163,1.72824247688027,1.728102499877,1.72145693755893,1.7375,0.0087041434331192,0.00885078346052541,0.00864223558315391,0.00198001252287044,0.0176133824481752,0.026,0.128894097071007,0.131069468578173,0.127924537661345,0.0292978361305533,0.260751279251449,47.2168920529379,46.2759405942213,47.2168920529379,12.3155709488935,81.7228900693067,0.786948200882298,0.771265676570354,0.786948200882298,0.205259515814891,1.36204816782178,1709.30774890121,1187.82290850013,1714.98411207975,1702.64681658283,1342.86805168823,2178.84126916899,1175.38134351194,1187.82290850013,385.328873874843,1663.7585944016,1535.47946876752,1535.11652255714,1533.18124264722,1201.13086808873,1910.76441467811,"none",-0.006336591,0.128894097,"d__Bacteria;p__Actinobacteriota;c__Actinomycetia;o__Mycobacteriales;f__Mycobacteriaceae;g__Mycobacterium;s__","H3-16-all-fractions_metab_conc_118.Mycobacterium_smegmatis_66_0"
"23","sip188",5,"t168_16O_t48_16O","t168_18O",1.72361764771863,1.73630594075335,1.72362089552368,1.72374496886503,1.72020828416601,1.72662273119887,1.73626952278056,1.73630594075335,1.73340860314678,1.73961825247862,0.0126882930347199,0.0126486272568818,0.0124918922903052,0.00871809316576077,0.0171436022070523,0.013,0.187448118863615,0.186884257512055,0.184569913596626,0.128713455201473,0.253581981227855,77.5843549183233,77.4473104270714,77.6089194445432,49.7576930453547,111.206131109347,1.29307258197205,1.29078850711786,1.29348199074239,0.829294884089245,1.85343551848912,1668.13336615311,1868.41247698468,1671.48949902478,1662.91381118218,1235.52038624228,2134.6044306154,1881.5275883386,1868.41247698468,1231.12304426761,2753.09042314958,1734.89306976363,1741.50219546272,1734.06002547828,1373.78862221989,2151.81160498331,"none",0.046391467,0.187448119,"d__Bacteria;p__Proteobacteria;c__Alphaproteobacteria;o__Rhizobiales;f__Beijerinckiaceae;g__Microvirga;s__","12C16O_0h_100_P08_coass_bin.5"
"24","sip192",3,"t168_16O_t48_16O","t48_18O",1.73286815788588,1.74284513452204,1.73289155782544,1.73286815788588,1.72459354991684,1.74060858580068,1.74281876453811,1.74284513452204,1.74112448406556,1.74392303913198,0.0099769766361546,0.0099262465308147,0.00988532334481174,0.00194390331121074,0.0182367215636426,0.022,0.146632312043978,0.146015499244665,0.145277593424561,0.0284269862262621,0.269150222767609,69.0029113858907,70.5784634640324,67.563731548748,11.1551637642361,147.668193143587,1.15004852309818,1.17630772440054,1.12606219247913,0.185919396070602,2.46113655239312,507.440746145375,675.834217355109,507.065090413196,507.440746145375,132.39268882471,898.548146490391,679.76874618894,675.834217355109,438.828665793084,954.328419613783,563.571903215286,564.632975671778,564.469761020262,303.157648599824,822.757065997548,"Warning: no occurrences in rep rA_t48_16O & rB_t48_16O (t48_16O/t168_16O)",0.146632312,0.270481729,"d__Bacteria;p__Proteobacteria;c__Alphaproteobacteria;o__Caulobacterales;f__Caulobacteraceae;g__Phenylobacterium;s__","H2-16-all-fractions_metab_conc_42.Caulobacterales_70_17"
"25","sip192",5,"t168_16O_t48_16O","t168_18O",1.73286815788588,1.75127194522811,1.73289155782544,1.73286815788588,1.72459354991684,1.74060858580068,1.75129645932925,1.75127194522811,1.74856730254241,1.75321988740218,0.0184037873422205,0.0184045285644224,0.0183121340508776,0.0106088518094217,0.0267386264601921,0.013,0.270481728761031,0.270621243494976,0.269120459957014,0.15532041649528,0.394614728087404,43.6928631209944,44.3882368179059,43.7228086832023,17.4704810753201,75.8339747317487,0.728214385349907,0.739803946965098,0.728713478053371,0.291174684588669,1.26389957886248,507.440746145375,1016.41571079866,507.065090413196,507.440746145375,132.39268882471,898.548146490391,1017.00783575907,1016.41571079866,928.817712591809,1094.6435362579,677.09906769647,677.046005528486,676.016912467083,425.51909272512,938.970520714697,"Warning: no occurrences in rep rA_t48_16O & rB_t48_16O (t48_16O/t168_16O)",0.146632312,0.270481729,"d__Bacteria;p__Proteobacteria;c__Alphaproteobacteria;o__Caulobacterales;f__Caulobacteraceae;g__Phenylobacterium;s__","H2-16-all-fractions_metab_conc_42.Caulobacterales_70_17"
"26","sip197",3,"t168_16O_t48_16O","t48_18O",1.71953948505503,1.73541587459831,1.71954914024705,1.71954608758578,1.71826719272878,1.72077352827516,1.73547170832002,1.73541587459831,1.72874605472817,1.74031262965286,0.015876389543285,0.0159225680729721,0.0160281629047181,0.00939932413095094,0.0207819752309209,0.014,0.235084649557581,0.235770119604393,0.237262001168909,0.139193141811704,0.307910598117512,124.597864565579,124.338458362824,122.90163756482,78.4724286448309,178.374973945056,2.07663107609298,2.0723076393804,2.04836062608033,1.30787381074718,2.9729162324176,732.310410046491,439.608215382628,731.832058298357,721.205085736304,549.693672411428,976.28981626173,439.561958945342,439.608215382628,349.744592243691,568.886520573592,634.743011825203,634.408691847352,628.55077106334,510.867801972293,813.565553094953,"none",0.23508465,0.426551392,"d__Bacteria;p__Proteobacteria;c__Alphaproteobacteria;o__Sphingomonadales;f__Sphingomonadaceae;g__Sphingomicrobium;s__","12C18O_72h_100_P08_coass_bin.19"
"27","sip197",5,"t168_16O_t48_16O","t168_18O",1.71953948505503,1.74834653848571,1.71954914024705,1.71954608758578,1.71826719272878,1.72077352827516,1.74837871047568,1.74834653848571,1.74546350726919,1.75089376115321,0.028807053430683,0.0288295702286311,0.0288513697494396,0.0259238571508905,0.0314780631734976,0.012,0.42655139205771,0.426885849375859,0.427225428632395,0.383859332250679,0.466330004648784,69.985735296268,69.8113475905306,69.188764001616,56.9960687352887,88.0053482169105,1.16642892160447,1.16352245984218,1.1531460666936,0.949934478921478,1.46675580361518,732.310410046491,598.5684285777,731.832058298357,721.205085736304,549.693672411428,976.28981626173,597.363765487602,598.5684285777,450.445723926192,891.123565464495,687.729749556894,687.009294028106,680.927642510258,541.527435415678,886.015331932652,"none",0.23508465,0.426551392,"d__Bacteria;p__Proteobacteria;c__Alphaproteobacteria;o__Sphingomonadales;f__Sphingomonadaceae;g__Sphingomicrobium;s__","12C18O_72h_100_P08_coass_bin.19"
"28","sip20",3,"t168_16O_t48_16O","t48_18O",1.71215147604122,1.74293055442276,1.71213999135327,1.71215147604122,1.7105,1.71545442812366,1.74290316964486,1.74293055442276,1.7413109085174,1.74401608551545,0.0307790783815352,0.0307640003290303,0.0308737238494963,0.0271458310908497,0.0333322800887734,0.012,0.457652933085096,0.457452728713414,0.458794691388177,0.402775614402455,0.496094905339518,80.1806048816287,79.2100849370155,78.3258418435536,43.4962013058067,119.750166241799,1.33634341469381,1.32016808228359,1.30543069739256,0.724936688430112,1.99583610402998,195.805496461864,237.84581293597,194.201601126834,186.88224043741,46.9104868507145,378.122839613927,239.343325333609,237.84581293597,148.80094818728,343.511081309111,209.818935286566,209.248842529093,204.775482739919,105.901818612365,333.43460476743,"Warning: no occurrences in rep rA_t48_16O & rC_t48_16O (t48_16O/t168_16O)",0.457652933,0.640418495,"d__Bacteria;p__Proteobacteria;c__Alphaproteobacteria;o__Sphingomonadales;f__Sphingomonadaceae;g__Sphingomicrobium;s__","12C16O_48h_50_unf_bin.44"
"29","sip20",5,"t168_16O_t48_16O","t168_18O",1.71215147604122,1.75522230465016,1.71213999135327,1.71215147604122,1.7105,1.71545442812366,1.75514750234855,1.75522230465016,1.75064370378091,1.7625,0.0430708286089401,0.043010621516552,0.0427746216876297,0.0370611810343298,0.049357638334047,0.015,0.640418494632774,0.639548149346212,0.636136923993208,0.550017880010327,0.733472339051446,34.915059551946,34.3731911128586,33.7951392206615,20.3018997054445,50.7202159067148,0.5819176591991,0.572886518547643,0.563252320344359,0.338364995090742,0.84533693177858,195.805496461864,293.955876086933,194.201601126834,186.88224043741,46.9104868507145,378.122839613927,295.306512862484,293.955876086933,144.631988845472,401.711560058651,228.52228967022,227.903238372051,224.20001463823,116.331382078228,362.021442196654,"Warning: no occurrences in rep rA_t48_16O & rC_t48_16O (t48_16O/t168_16O)",0.457652933,0.640418495,"d__Bacteria;p__Proteobacteria;c__Alphaproteobacteria;o__Sphingomonadales;f__Sphingomonadaceae;g__Sphingomicrobium;s__","12C16O_48h_50_unf_bin.44"
"30","sip26",5,"t168_16O_t48_16O","t168_18O",1.72205523668641,1.72832895823554,1.72205620795903,1.722077007294,1.7184479455488,1.72525069346838,1.72832778058265,1.72832895823554,1.72515426969722,1.73065968145376,0.00627372154913086,0.00627157262361793,0.00620639447678728,0.00211055889025274,0.0105487703760791,0.039,0.0927649469408577,0.092758181505905,0.0917658429430101,0.0311649409237811,0.156315855338034,47.9853437524461,49.8897409268332,47.9006402189245,11.5411761209624,98.9874680571773,0.799755729207435,0.831495682113886,0.798344003648741,0.192352935349374,1.64979113428629,1986.49020734214,2531.6946945207,1991.792815293,1977.59507233787,1333.06487900551,2731.54340202708,2554.51111587306,2531.6946945207,1104.45417180645,4161.78598774397,2168.22503640166,2179.36558215302,2172.34206094584,1506.98814223491,2898.66485054576,"none",-0.018046032,0.092764947,"d__Bacteria;p__Proteobacteria;c__Gammaproteobacteria;o__Burkholderiales;f__SG8-39;g__SCGC-AG-212-J23;s__","12C16O_0h_50_P13_coass_bin.12"
"31","sip29",3,"t168_16O_t48_16O","t48_18O",1.71906774966519,1.73226208214839,1.71907078459662,1.71914881097485,1.71666631166303,1.72082372168394,1.73233135812346,1.73226208214839,1.72886773051039,1.73694310985213,0.013194332483204,0.0132605735268385,0.0132082777188649,0.00937458950871499,0.0179915383459355,0.012,0.19542276770706,0.196412694137177,0.195477811326446,0.138755673548766,0.266500481514726,160.361073889289,161.021102205078,157.911374876056,106.132047464382,229.299770374154,2.67268456482148,2.68368503675131,2.63185624793427,1.7688674577397,3.82166283956923,1103.3314083801,741.535213061944,1102.78583861678,1085.44055336064,841.873532546501,1449.10899540923,742.31212383285,741.535213061944,628.614326495302,841.356146437317,982.732676607383,982.627933688801,974.318138129143,804.623299615436,1225.66471986611,"none",0.195422768,0.35831118,"d__Bacteria;p__Proteobacteria;c__Alphaproteobacteria;o__Sphingomonadales;f__Sphingomonadaceae;g__Sphingomicrobium;s__","12C16O_48h_100_P14_coass_bin.6"
"32","sip29",5,"t168_16O_t48_16O","t168_18O",1.71906774966519,1.74325979699894,1.71907078459662,1.71914881097485,1.71666631166303,1.72082372168394,1.74324818319504,1.74325979699894,1.7427706016496,1.74421439685589,0.0241920473337511,0.0241773985984234,0.024109602669516,0.0222480745489116,0.0267093046613328,0.012,0.358311180385967,0.358103046823977,0.357072958205925,0.329177487252775,0.396066471730756,93.1657296257511,93.0463327333337,92.040643723211,75.5966714211432,117.196060459109,1.55276216042919,1.55077221222223,1.53401072872018,1.25994452368572,1.95326767431849,1103.3314083801,1062.95303027895,1102.78583861678,1085.44055336064,841.873532546501,1449.10899540923,1062.8241880862,1062.95303027895,820.50016391961,1412.05020763838,1089.87194901305,1089.46528843992,1083.12930075729,886.776942825636,1366.70666334965,"none",0.195422768,0.35831118,"d__Bacteria;p__Proteobacteria;c__Alphaproteobacteria;o__Sphingomonadales;f__Sphingomonadaceae;g__Sphingomicrobium;s__","12C16O_48h_100_P14_coass_bin.6"
"33","sip31",3,"t168_16O_t48_16O","t48_18O",1.7265599647353,1.7456997581985,1.72656245676699,1.72657643723216,1.7256917370483,1.72728780960026,1.74564380445913,1.7456997581985,1.74222238184452,1.74749764344576,0.0191397934631961,0.0190813476921397,0.0191333567699503,0.0158935639706663,0.0213921000809148,0.007,0.282292297867747,0.281431142293677,0.282202761616204,0.234445133549827,0.315609002114273,395.302758073331,393.603787593363,389.835550788266,335.606051826163,485.792863844824,6.58837930122218,6.56006312655605,6.49725917980443,5.59343419710272,8.09654773074707,1940.10254366836,1150.90327001052,1943.86796660566,1926.17015856359,1589.17993255327,2493.56728317287,1158.72788999485,1150.90327001052,769.541695727483,1679.03979039477,1677.03611911574,1682.15460773539,1662.22292724396,1381.04392583556,2090.59123615502,"none",0.282292298,0.369828418,"d__Bacteria;p__Proteobacteria;c__Gammaproteobacteria;o__Burkholderiales;f__Burkholderiaceae;g__Rhizobacter;s__","H2-16-all-fractions_metab_conc_25.Burkholderiales_70_14"
"34","sip31",5,"t168_16O_t48_16O","t168_18O",1.7265599647353,1.75163482362972,1.72656245676699,1.72657643723216,1.7256917370483,1.72728780960026,1.75165689562995,1.75163482362972,1.74892962140766,1.75376670672374,0.0250748588944172,0.0250944388629573,0.0250994029977285,0.022575715286979,0.0273229626525125,0.014,0.369828417930719,0.370118169646734,0.370221771933866,0.333008360011828,0.403012767860129,158.030239863103,158.396390162422,157.059487147324,130.84362954405,190.256524404516,2.63383733105172,2.63993983604037,2.61765811912207,2.18072715906751,3.1709420734086,1940.10254366836,1493.09158244368,1943.86796660566,1926.17015856359,1589.17993255327,2493.56728317287,1495.75560552107,1493.09158244368,1327.05782833482,1626.47981160475,1791.0988899268,1794.49717957746,1782.66789063959,1544.35477343219,2169.69583405138,"none",0.282292298,0.369828418,"d__Bacteria;p__Proteobacteria;c__Gammaproteobacteria;o__Burkholderiales;f__Burkholderiaceae;g__Rhizobacter;s__","H2-16-all-fractions_metab_conc_25.Burkholderiales_70_14"
"35","sip34",3,"t168_16O_t48_16O","t48_18O",1.72171564645312,1.72432712807969,1.72172195379289,1.72178240037523,1.71933981586963,1.72357274631367,1.72435638207252,1.72432712807969,1.72335937954509,1.72613407812842,0.00261148162657099,0.00263442827963531,0.00255215989026181,0.000234676665708999,0.00536554242460241,0.059,0.0386214384215442,0.038970602659429,0.0377418841935862,0.00346772378791262,0.0794786273477241,86.1580144548352,88.2277241674084,83.2856955593115,7.59277728260229,189.843446489767,1.43596690758059,1.47046206945681,1.38809492598853,0.126546288043371,3.16405744149612,2910.30859416967,2194.31943730656,2914.26695328044,2906.5499907292,2461.38150809108,3434.03456457475,2200.92375912059,2194.31943730656,1872.43404139263,2640.08964760509,2671.64554188197,2676.48588856049,2668.79539169137,2367.86445143576,3009.89007494842,"none",0.038621438,0.185017144,"d__Bacteria;p__Gemmatimonadota;c__Gemmatimonadetes;o__Gemmatimonadales;f__Gemmatimonadaceae;g__AG11;s__","H1-18-all-fractions_metab_conc_37.Gemmatimonadetes_69_16"
"36","sip34",5,"t168_16O_t48_16O","t168_18O",1.72171564645312,1.73422602651846,1.72172195379289,1.72178240037523,1.71933981586963,1.72357274631367,1.73417765518117,1.73422602651846,1.73050825774031,1.7381685915002,0.0125103800653459,0.0124557013882862,0.0123656089191234,0.00841169986478499,0.0167473211032338,0.007,0.18501714444696,0.18421844105502,0.18293453167274,0.124371774768391,0.247924267444608,138.363936886068,137.544958352429,135.114227286619,97.8582040142118,187.926339883628,2.30606561476779,2.29241597254048,2.25190378811032,1.63097006690353,3.13210566472713,2910.30859416967,3583.36583837688,2914.26695328044,2906.5499907292,2461.38150809108,3434.03456457475,3603.57925411759,3583.36583837688,2748.32595465122,4765.35606543984,3134.66100890541,3144.03772022616,3139.67248015937,2721.5137370842,3616.63263880454,"none",0.038621438,0.185017144,"d__Bacteria;p__Gemmatimonadota;c__Gemmatimonadetes;o__Gemmatimonadales;f__Gemmatimonadaceae;g__AG11;s__","H1-18-all-fractions_metab_conc_37.Gemmatimonadetes_69_16"
"37","sip37",5,"t168_16O_t48_16O","t168_18O",1.70488585643973,1.71381728727311,1.70488779549504,1.70482840933891,1.70309083706744,1.7072137644972,1.71380841298887,1.71381728727311,1.71145970794087,1.71597668059448,0.00893143083337811,0.00892061749382659,0.00901922403056621,0.00592382266913977,0.0115718243277927,0.009,0.133348371213942,0.133196180551218,0.134704466558696,0.0884092602839741,0.172885138218987,28.7026871830557,28.9040609368897,28.620330947619,16.3697514944724,42.6602525232182,0.478378119717594,0.481734348948162,0.47700551579365,0.272829191574539,0.711004208720304,831.424454096839,1043.82379005357,833.646830227524,829.469051337096,518.494453089044,1185.6273570278,1050.46156638219,1043.82379005357,434.780039205776,1573.43145075786,902.224232749082,905.918408945747,905.276912876785,634.112303810937,1183.08565532971,"none",0.047793321,0.133348371,"d__Bacteria;p__Proteobacteria;c__Gammaproteobacteria;o__Burkholderiales;f__SG8-40;g__;s__","12C16O_168h_50_unf_bin.22"
"38","sip37",3,"t168_16O_t48_16O","t48_18O",1.70488585643973,1.70808696596615,1.70488779549504,1.70482840933891,1.70309083706744,1.7072137644972,1.70811422310675,1.70808696596615,1.70605291715145,1.71012832673091,0.00320110952642128,0.00322642761170302,0.00324396823821549,0.000308754423081981,0.00574731044205135,0.066,0.0477933210690555,0.0481810212031209,0.0484440259495162,0.00460745686491847,0.0858685233789378,31.2221254949146,31.4235626592338,30.82116427876,3.25763895563473,61.7316668156629,0.520368758248577,0.523726044320564,0.513686071312667,0.0542939825939122,1.02886111359438,831.424454096839,684.232269145492,833.646830227524,829.469051337096,518.494453089044,1185.6273570278,684.151934407583,684.232269145492,435.926475283137,865.897197149419,782.36039244639,783.815198287544,779.20798116757,558.008133681164,1013.03840671698,"none",0.047793321,0.133348371,"d__Bacteria;p__Proteobacteria;c__Gammaproteobacteria;o__Burkholderiales;f__SG8-40;g__;s__","12C16O_168h_50_unf_bin.22"
"39","sip43",5,"t168_16O_t48_16O","t168_18O",1.71569605983872,1.75274367022735,1.71569262231805,1.71582518277775,1.71233789665758,1.71857298156581,1.75265517725973,1.75274367022735,1.74521545274125,1.7625,0.0370476103886346,0.0369566990770982,0.0366649901881992,0.0291366935584899,0.0464213199608468,0.011,0.549758999716144,0.548435945266341,0.543959890963177,0.43227045306278,0.688704292968723,72.0694782954525,71.3248607229215,71.6814943574108,37.5761727245237,104.826491528538,1.20115797159088,1.18874767871536,1.19469157262351,0.626269545408728,1.74710819214229,561.571656801453,525.322444621034,563.21043492591,561.571656801453,206.76757341922,935.415033656812,530.782540667908,525.322444621034,94.6259432085202,940.883733250021,549.488586074647,552.40113683991,547.619264660314,253.272601211641,827.754967520384,"Warning: no occurrences in rep rA_t168_16O & rA_t48_16O (t48_16O/t168_16O)",0,0.549759,"d__Bacteria;p__Proteobacteria;c__Alphaproteobacteria;o__Sphingomonadales;f__Sphingomonadaceae;g__Sphingomicrobium;s__","12C16O_168h_50_P10_coass_bin.19"
"40","sip44",3,"t168_16O_t48_16O","t48_18O",1.71950520367795,1.74193196076313,1.71952048817267,1.71957453808162,1.71768409532171,1.7207156681257,1.74190949978459,1.74193196076313,1.74072227215605,1.74311917272218,0.0224267570851815,0.0223893781447763,0.0223539008070075,0.0205345891374184,0.0245208290741464,0.007,0.332083559801892,0.33153344743075,0.331055399042979,0.303872146615892,0.363515307061143,162.161245765468,162.79902340569,160.806115913462,81.0073572676736,259.708444675197,2.70268742942447,2.7133170567615,2.68010193189103,1.35012262112789,4.32847407791995,682.42532429149,389.565239460094,681.116704744916,682.42532429149,265.722346070959,1130.50109323013,390.116978417411,389.565239460094,350.008733429785,430.424542467874,584.805296014358,584.116795969081,584.023538569222,302.752898417022,888.215255711815,"Warning: no occurrences in rep rB_t168_16O & rB_t48_16O (t48_16O/t168_16O)",0.33208356,0.458923756,"d__Bacteria;p__Proteobacteria;c__Alphaproteobacteria;o__Sphingomonadales;f__Sphingomonadaceae;g__Sphingomonas_A;s__","H1-18-all-fractions_metab_69.Sphingomonadales_65_37"
"41","sip44",5,"t168_16O_t48_16O","t168_18O",1.71950520367795,1.7504979200638,1.71952048817267,1.71957453808162,1.71768409532171,1.7207156681257,1.75051968594077,1.7504979200638,1.74934817610029,1.75167046325084,0.030992716385855,0.0309988421411277,0.0309810370832921,0.0292798632997879,0.033058649369002,0.015,0.458923755505682,0.459016476384567,0.458588816091047,0.433418795364011,0.489786018725112,76.1869073755764,76.3613566095942,75.6917757491256,42.7097996842764,116.860126246871,1.26978178959294,1.27268927682657,1.26152959581876,0.71182999473794,1.94766877078118,682.42532429149,722.717710574643,681.116704744916,682.42532429149,265.722346070959,1130.50109323013,720.537929610279,722.717710574643,537.599071215289,961.924017514062,695.856119719208,694.25711303337,688.04389824857,393.278136318437,1032.4917170617,"Warning: no occurrences in rep rB_t168_16O & rB_t48_16O (t48_16O/t168_16O)",0.33208356,0.458923756,"d__Bacteria;p__Proteobacteria;c__Alphaproteobacteria;o__Sphingomonadales;f__Sphingomonadaceae;g__Sphingomonas_A;s__","H1-18-all-fractions_metab_69.Sphingomonadales_65_37"
"42","sip45",3,"t168_16O_t48_16O","t48_18O",1.7235,1.7416387129183,1.7235,1.7235,1.7235,1.7235,1.74161673432206,1.7416387129183,1.7404578161828,1.74280745787435,0.0181387129182984,0.0181144179385095,0.0181387129182984,0.0169578161828039,0.0193074578743488,0.0110998990918264,0.267986559485463,0.26762761846932,0.267986559485463,0.250539651610675,0.28525393347714,51.9115539372845,52.1901426653213,51.9115539372845,27.5373911796443,77.6422381111174,0.865192565621408,0.869835711088688,0.865192565621408,0.458956519660739,1.29403730185196,209.298445995485,277.362454676951,208.081314445678,209.298445995485,58.9129039473528,369.01307287584,279.790484790456,277.362454676951,170.008904818794,438.107939288481,231.986448889307,231.984371227271,231.762794012801,113.825911266523,354.294300127316,"Warning: no occurrences in rep rA_t48_16O & rB_t48_16O & rC_t48_16O (t48_16O/t168_16O)",0.267986559,0.400087065,"d__Bacteria;p__Proteobacteria;c__Alphaproteobacteria;o__Sphingomonadales;f__Sphingomonadaceae;g__Sphingomicrobium;s__","12C16O_168h_50_P10_coass_bin.36"
"43","sip45",5,"t168_16O_t48_16O","t168_18O",1.7235,1.75057995664613,1.7235,1.7235,1.7235,1.7235,1.75059765274716,1.75057995664613,1.7492082173813,1.75135846851792,0.0270799566461253,0.0271000425249882,0.0270799566461253,0.0257082173813026,0.0278584685179237,0.0131313131313131,0.400087064903579,0.400383819452534,0.400087064903579,0.379820594633786,0.411589023117566,29.9392871552357,30.1669907520809,29.9392871552357,19.8726870689716,41.4386535238017,0.498988119253928,0.502783179201348,0.498988119253928,0.331211451149527,0.690644225396696,209.298445995485,522.399254586698,208.081314445678,209.298445995485,58.9129039473528,369.01307287584,523.945756224297,522.399254586698,444.855536517515,607.369390178917,313.665382192556,313.369461705217,313.665382192556,203.094809082935,428.312197145417,"Warning: no occurrences in rep rA_t48_16O & rB_t48_16O & rC_t48_16O (t48_16O/t168_16O)",0.267986559,0.400087065,"d__Bacteria;p__Proteobacteria;c__Alphaproteobacteria;o__Sphingomonadales;f__Sphingomonadaceae;g__Sphingomicrobium;s__","12C16O_168h_50_P10_coass_bin.36"
"44","sip53",3,"t168_16O_t48_16O","t48_18O",1.72506342108256,1.73321772005099,1.7250668886042,1.72517341314595,1.72157566920155,1.72813848394574,1.73324968046665,1.73321772005099,1.72971826243513,1.73571992953878,0.00815429896843467,0.00818279186244747,0.00819082715655661,0.00380056280156059,0.0122937169169122,0.011,0.120368399259028,0.12081279917481,0.120827713021553,0.0560261911472956,0.181957343488687,271.463268935178,271.718946742825,266.397680171337,105.261068267675,466.876697291407,4.52438781558631,4.52864911238042,4.43996133618895,1.75435113779459,7.78127828819011,2859.80271073117,2383.12602303595,2870.02989985702,2799.94432665191,1465.13666160672,4840.35112793083,2391.50037861703,2383.12602303595,784.517010075151,3288.49764715404,2700.91048149943,2710.52005944369,2664.53517073084,1594.14107119367,4136.11896441333,"none",0.120368399,0.22793698,"d__Bacteria;p__Actinobacteriota;c__Actinomycetia;o__Propionibacteriales;f__Nocardioidaceae;g__Nocardioides;s__","12C16O_72h_100_unf_bin.11"
"45","sip53",5,"t168_16O_t48_16O","t168_18O",1.72506342108256,1.74050490147396,1.7250668886042,1.72517341314595,1.72157566920155,1.72813848394574,1.74046314885787,1.74050490147396,1.73577513257877,1.74923047708996,0.0154414803914065,0.0153962602536688,0.0150339279854651,0.00889260193643051,0.0239936676134672,0.013,0.227936979512054,0.227292505515792,0.221837087708123,0.131109425990857,0.354470621572878,157.152031456789,152.797280733271,149.777223412318,82.1914749356834,244.523534618599,2.61920052427982,2.54662134555452,2.49628705687197,1.36985791559472,4.07539224364332,2859.80271073117,2950.13531286055,2870.02989985702,2799.94432665191,1465.13666160672,4840.35112793083,2957.98602690652,2950.13531286055,551.648204586869,4242.76642345003,2889.91357810763,2899.34860887352,2864.89711137385,1654.84155906752,4307.57921912881,"none",0.120368399,0.22793698,"d__Bacteria;p__Actinobacteriota;c__Actinomycetia;o__Propionibacteriales;f__Nocardioidaceae;g__Nocardioides;s__","12C16O_72h_100_unf_bin.11"
"46","sip59",3,"t168_16O_t48_16O","t48_18O",1.7147448923297,1.74293321603235,1.71473721213282,1.71476923257966,1.71273045321604,1.71621491893458,1.74290616519912,1.74293321603235,1.74132401384592,1.74398224179657,0.0281883237026557,0.028168953066298,0.0281557770245849,0.0259875095853997,0.030403563466818,0.005,0.418518123416417,0.41823908599091,0.41796922765387,0.385506802056843,0.45175844121205,214.066370198778,214.212692548958,213.613284726662,169.759662861098,261.852495994991,3.56777283664631,3.57021154248263,3.56022141211104,2.82932771435163,4.36420826658318,726.680460018569,384.306988199272,726.180580897318,722.119160961522,585.754495809017,899.697321213954,386.760048485521,384.306988199272,243.710069885471,555.891480195141,612.555969412137,613.040403426719,611.797520174564,504.760337895359,729.658543746691,"none",0.418518123,0.543730314,"d__Bacteria;p__Proteobacteria;c__Alphaproteobacteria;o__Sphingomonadales;f__Sphingomonadaceae;g__Sphingomicrobium;s__","12C16O_48h_100_unf_bin.25"
"47","sip59",5,"t168_16O_t48_16O","t168_18O",1.7147448923297,1.75136659456029,1.71473721213282,1.71476923257966,1.71273045321604,1.71621491893458,1.75138652320445,1.75136659456029,1.75072617309976,1.75260507428845,0.0366217022305928,0.0366493110716284,0.0365567989013269,0.0348864134016185,0.0388669401709009,0.014,0.543730313853977,0.54414916902807,0.542812148872445,0.517627075114118,0.577824542067457,86.4184852848988,86.5431439735367,86.3009132342642,71.9576979063244,104.6465990396,1.44030808808165,1.44238573289228,1.4383485539044,1.19929496510541,1.74410998399333,726.680460018569,545.230429733319,726.180580897318,722.119160961522,585.754495809017,899.697321213954,545.651727798876,545.230429733319,440.987482059041,659.573201560532,666.197116590153,666.004296531171,662.337788826354,569.70787342088,785.579696343921,"none",0.418518123,0.543730314,"d__Bacteria;p__Proteobacteria;c__Alphaproteobacteria;o__Sphingomonadales;f__Sphingomonadaceae;g__Sphingomicrobium;s__","12C16O_48h_100_unf_bin.25"
"48","sip61",3,"t168_16O_t48_16O","t48_18O",1.71888444934846,1.73134820185078,1.71888737131955,1.71895179683508,1.71647164839995,1.72065217139195,1.73138644973945,1.73134820185078,1.72895361770621,1.73408136278543,0.012463752502313,0.0124990784198963,0.0124508346915708,0.00955086255044936,0.0157375474176877,0.017,0.184621097485405,0.185153315405536,0.184330684914977,0.141353950884974,0.233462738518433,264.519032475224,267.717682980388,261.671034828359,174.434851068101,388.891052746959,4.40865054125373,4.46196138300646,4.36118391380598,2.90724751780169,6.48151754578265,1934.71837129467,1278.20664438039,1933.73399656277,1934.15994225073,1543.80721985536,2347.21622678972,1286.37201686595,1278.20664438039,1002.68929447982,1794.35655607846,1715.88112898991,1717.94666999716,1715.38001775301,1420.02419640143,2005.43637688394,"none",0.184621097,0.346103383,"d__Bacteria;p__Proteobacteria;c__Alphaproteobacteria;o__Sphingomonadales;f__Sphingomonadaceae;g__Sphingomicrobium;s__","12C16O_168h_50_P09_coass_bin.9"
"49","sip61",5,"t168_16O_t48_16O","t168_18O",1.71888444934846,1.74224985541173,1.71888737131955,1.71895179683508,1.71647164839995,1.72065217139195,1.74220785523037,1.74224985541173,1.73960632636582,1.74362717306692,0.0233654060632686,0.0233204839108134,0.0233317323199619,0.0203423116872861,0.0262801437074761,0.017,0.346103383374493,0.345447127955925,0.345432637916036,0.301252799770676,0.389635243376438,164.690108924453,164.617564891164,163.875885110065,134.720727127969,202.383125673775,2.74483514874089,2.74362608151939,2.73126475183442,2.24534545213282,3.37305209456291,1934.71837129467,2114.16350932893,1933.73399656277,1934.15994225073,1543.80721985536,2347.21622678972,2127.06693509356,2114.16350932893,1522.221060784,2845.14346225775,1994.53341730609,1998.17830940637,1995.43406461361,1668.31323715094,2339.32033003547,"none",0.184621097,0.346103383,"d__Bacteria;p__Proteobacteria;c__Alphaproteobacteria;o__Sphingomonadales;f__Sphingomonadaceae;g__Sphingomicrobium;s__","12C16O_168h_50_P09_coass_bin.9"
"50","sip62",3,"t168_16O_t48_16O","t48_18O",1.72149838105767,1.74965612342733,1.72150220766462,1.72149838105767,1.7195893523693,1.72351502126465,1.74956151004178,1.74965612342733,1.74380080395986,1.75275783455029,0.0281577423696642,0.0280593023771616,0.0282615853061032,0.0226160155034688,0.0325323916441766,0.011,0.416478215390289,0.415031251975857,0.418039362033889,0.334558288694938,0.481541707540331,688.541972067154,688.083702263594,689.385399726226,504.027033865673,883.815368919551,11.4756995344526,11.4680617043932,11.4897566621038,8.40045056442789,14.7302561486592,2427.0452843006,1085.69797974434,2430.97866698651,2432.93952972589,1863.91889905495,2932.69721547104,1089.38006968657,1085.69797974434,935.678224390385,1325.81558532216,1979.92951611518,1983.7791345532,1987.9564980945,1606.59950273974,2323.84609215392,"none",0.416478215,0.547702606,"d__Bacteria;p__Proteobacteria;c__Gammaproteobacteria;o__Burkholderiales;f__Burkholderiaceae;g__Ramlibacter;s__","H3-18-all-fractions_metab_conc_75.Burkholderiales_69_10"
"51","sip62",5,"t168_16O_t48_16O","t168_18O",1.72149838105767,1.75852809429428,1.72150220766462,1.72149838105767,1.7195893523693,1.72351502126465,1.75846068383339,1.75852809429428,1.75506107200954,1.7625,0.0370297132366149,0.0369584761687739,0.0369297940204624,0.0329248371929964,0.0411469528872176,0.017,0.547702606364299,0.546657087381335,0.546128467656505,0.486528493179655,0.60865165058023,269.857248153644,269.819724154895,269.824685449216,208.238535562778,334.51431472185,4.49762080256073,4.49699540258159,4.49707809082027,3.47064225937963,5.5752385786975,2427.0452843006,1341.60656104902,2430.97866698651,2432.93952972589,1863.91889905495,2932.69721547104,1346.97054064619,1341.60656104902,419.504467139335,2230.25102273512,2065.23237655007,2069.64262487307,2074.04313315949,1628.09216820048,2511.56259094359,"none",0.416478215,0.547702606,"d__Bacteria;p__Proteobacteria;c__Gammaproteobacteria;o__Burkholderiales;f__Burkholderiaceae;g__Ramlibacter;s__","H3-18-all-fractions_metab_conc_75.Burkholderiales_69_10"
"52","sip65",5,"t168_16O_t48_16O","t168_18O",1.71181708306255,1.72152884928077,1.71183290607836,1.71186124271956,1.70844136891742,1.71495742827332,1.72150698535862,1.72152884928077,1.71938501046118,1.72423144426698,0.0097117662182189,0.00967407928026317,0.00954681262754598,0.005781926756949,0.0141080161321929,0.013,0.144431155778353,0.143896579897599,0.141980120304023,0.0858455880482587,0.21015418393469,50.1553465744024,49.7911669876092,49.618347856887,30.0948346110219,70.9789440997563,0.835922442906707,0.829852783126819,0.82697246428145,0.501580576850364,1.1829824016626,1304.40993039595,1757.91928033002,1307.63593662886,1323.22695297797,976.178923757264,1589.73291051665,1766.89610441739,1757.91928033002,1436.55352349177,2330.63935839283,1455.57971370731,1460.72265922504,1463.46220216016,1180.41330905555,1722.70895437678,"none",0.038314476,0.144431156,"d__Bacteria;p__Acidobacteriota;c__Vicinamibacteria;o__Vicinamibacterales;f__2-12-FULL-66-21;g__2-12-FULL-66-21;s__","12C16O_168h_100_unf_bin.12"
"53","sip68",5,"t168_16O_t48_16O","t168_18O",1.71989620029679,1.73542748598627,1.71989745405873,1.71990740076553,1.71708870116256,1.72217009665866,1.73532049506325,1.73542748598627,1.73076498799566,1.74383203907493,0.0155312856894778,0.0154230410045201,0.0152970343859606,0.00943472324086827,0.023320688626115,0.004,0.229928515816052,0.22834021503984,0.226409578264138,0.139517541967283,0.345758528145445,116.368669981184,114.429037671721,113.235346721827,67.9466532779733,170.209677583198,1.93947783301973,1.90715062786201,1.88725577869711,1.13244422129956,2.83682795971996,2052.75924675969,2258.68612630847,2053.46503299749,2071.86107919469,1385.98874675803,2725.28515411329,2283.4137025457,2258.68612630847,706.332836348384,3492.31302811714,2121.40153994262,2130.11458951356,2125.52693875634,1488.78658767116,2758.15060700221,"none",0.041019568,0.229928516,"d__Bacteria;p__Acidobacteriota;c__Blastocatellia;o__Pyrinomonadales;f__Pyrinomonadaceae;g__QHXN01;s__","H1-16-all-fractions_metab_conc_65.Bacteria_66_15"
"54","sip71",5,"t168_16O_t48_16O","t168_18O",1.73291027034513,1.75257174106629,1.73300940351736,1.73291027034513,1.72814403458215,1.74176415261498,1.75265116713776,1.75257174106629,1.73271522319886,1.7625,0.0196614707211544,0.0196625217964893,0.0206833823478714,0.00050070019292199,0.0341297689991433,0.130699088145897,0.288959200094315,0.289080566472071,0.303199891053689,0.00736223179809735,0.502913359508465,39.9679765166342,38.3893025077396,37.8386068795115,0.928253867023381,79.7226691698152,0.666132941943904,0.639821708462327,0.630643447991858,0.015470897783723,1.32871115283025,556.510692992489,626.286775882062,560.918684105198,556.510692992489,118.369309517934,1050.72712637469,624.216351550099,626.286775882062,263.759057736615,1289.10740618291,579.769387289013,582.017906586832,577.478093749889,215.561644948086,966.592126564883,"Warning: no occurrences in rep rB_t168_16O & rB_t48_16O & rC_t168_16O (t48_16O/t168_16O)",0,0.2889592,"d__Bacteria;p__Actinobacteriota;c__Thermoleophilia;o__Solirubrobacterales;f__Thermoleophilaceae;g__;s__","H1-16-all-fractions_metab_conc_1.Actinobacteria_71_32"
"55","sip73",3,"t168_16O_t48_16O","t48_18O",1.72951651354872,1.73827031674668,1.72955808858413,1.72942715928587,1.726049272533,1.73496499988405,1.73827949556537,1.73827031674668,1.7305578525471,1.74328749731685,0.00875380319796148,0.00872140698124245,0.00891724182132791,0.000515001393173615,0.0156189094088728,0.028,0.128896243707527,0.128461323043395,0.131285861790132,0.00758088279758629,0.230429462898331,174.045278112918,173.33090206672,171.164576349106,10.7874710983797,358.073352542419,2.9007546352153,2.88884836777867,2.85274293915177,0.179791184972994,5.96788920904032,1861.68980340772,1127.88361515206,1859.65758493255,1850.35849277148,1085.98599346695,2822.67487297269,1129.01781793947,1127.88361515206,542.562272623499,1862.26828563617,1617.08774065583,1616.11099593486,1595.61339959495,1010.60264305768,2289.69217832242,"none",0.128896244,0.290789501,"d__Bacteria;p__Gemmatimonadota;c__Gemmatimonadetes;o__Longimicrobiales;f__Longimicrobiaceae;g__;s__","12C16O_168h_100_P08_coass_bin.31"
"56","sip73",5,"t168_16O_t48_16O","t168_18O",1.72951651354872,1.74926506471006,1.72955808858413,1.72942715928587,1.726049272533,1.73496499988405,1.74929757267414,1.74926506471006,1.74688986760062,1.75168519053144,0.0197485511613336,0.0197394840900119,0.0199690308990536,0.0140925684916184,0.0240967929627264,0.02,0.290789500951378,0.290697665834246,0.293937617965187,0.206929020559189,0.355401032893278,135.663508478826,136.189007945552,134.774503515738,72.7575277827821,206.689093198929,2.2610584746471,2.26981679909254,2.2462417252623,1.21262546304637,3.44481821998215,1861.68980340772,2143.20342972237,1859.65758493255,1850.35849277148,1085.98599346695,2822.67487297269,2142.08563649727,2143.20342972237,1099.62710180028,3688.04478069532,1955.52767884593,1953.80026878746,1941.29692832974,1219.85831729398,2757.36060669399,"none",0.128896244,0.290789501,"d__Bacteria;p__Gemmatimonadota;c__Gemmatimonadetes;o__Longimicrobiales;f__Longimicrobiaceae;g__;s__","12C16O_168h_100_P08_coass_bin.31"
"57","sip77",3,"t168_16O_t48_16O","t48_18O",1.71090344268424,1.74622247407673,1.71090037037522,1.71090344268424,1.7105,1.71171637969297,1.74615604593421,1.74622247407673,1.7418791911174,1.74896868771161,0.0353190313924916,0.0352579103377924,0.035339425973254,0.0313791911173993,0.0381459335642156,0.015,0.525527755158529,0.52462069961836,0.525955239127015,0.467015224872493,0.567617273761584,129.725779178006,129.760584076582,129.600724938033,77.8183129527331,187.152915378017,2.16209631963344,2.16267640127637,2.16001208230055,1.29697188254555,3.11921525630029,269.167618526001,348.541953755257,269.230030380224,269.167618526001,88.336459655459,456.095067040192,348.787510823446,348.541953755257,298.240535995761,376.068630339491,295.625730269087,295.749190527965,294.998086757149,175.599617178611,424.312609218335,"Warning: no occurrences in rep rC_t168_16O & rC_t48_16O (t48_16O/t168_16O)",0.525527755,0,"d__Bacteria;p__Proteobacteria;c__Gammaproteobacteria;o__Burkholderiales;f__Burkholderiaceae;g__;s__","H2-16-all-fractions_metab_conc_101.Burkholderiales_63_22"
"58","sip86",3,"t168_16O_t48_16O","t48_18O",1.72445224933522,1.73326303937361,1.72445234099046,1.72456823340244,1.72177802312407,1.7264296669044,1.73329275750673,1.73326303937361,1.73000318933595,1.73559796944258,0.00881079003838559,0.00884041651627014,0.00880398765902779,0.00542135117479448,0.0123074195045313,0.012,0.130103650971752,0.130554002403704,0.129950195497316,0.0799831310136139,0.181908405194843,173.000204733799,173.521058537514,173.029335870585,103.612229790135,247.844958743053,2.88333674556332,2.8920176422919,2.88382226450975,1.72687049650225,4.13074931238422,1632.13596714815,1513.11028274628,1637.85795566578,1621.10461791652,1248.62687593025,2164.48772267159,1524.18878347317,1513.11028274628,1026.0599045062,2245.75864404126,1592.46073901419,1599.96823160157,1590.96410274723,1260.26158573338,2012.29847092545,"none",0.130103651,0.124637524,"d__Bacteria;p__Actinobacteriota;c__Actinomycetia;o__Propionibacteriales;f__Propionibacteriaceae;g__Friedmanniella;s__","12C16O_48h_50_unf_bin.40"
"59","sip86",5,"t168_16O_t48_16O","t168_18O",1.72445224933522,1.73289286611182,1.72445234099046,1.72456823340244,1.72177802312407,1.7264296669044,1.73284976768771,1.73289286611182,1.72988207162209,1.73534969230392,0.00844061677660046,0.00839742669725122,0.00840529142196234,0.005124306140765,0.0121564452790231,0.012,0.124637524479063,0.124012432980214,0.124131177824908,0.0756033510626674,0.179694579638048,46.8063695997355,46.1269765715461,45.7089447465175,30.6145439015544,63.2351156617106,0.780106159995592,0.768782942859102,0.761815745775292,0.510242398359239,1.05391859436184,1632.13596714815,1458.06578884908,1637.85795566578,1621.10461791652,1248.62687593025,2164.48772267159,1466.4161953883,1458.06578884908,1066.25989411082,2017.35353766121,1574.11257438179,1580.71070223995,1569.86396680043,1268.42815735378,1966.27291192659,"none",0.130103651,0.124637524,"d__Bacteria;p__Actinobacteriota;c__Actinomycetia;o__Propionibacteriales;f__Propionibacteriaceae;g__Friedmanniella;s__","12C16O_48h_50_unf_bin.40"
"60","sip90",5,"t168_16O_t48_16O","t168_18O",1.73236234238914,1.74533734031223,1.73238891421269,1.73237161609935,1.72826343261373,1.73683487259836,1.74522749661062,1.74533734031223,1.73808724487499,1.75011698028923,0.0129749979230915,0.0128385823979291,0.0128782590301098,0.00581728977603773,0.0197665346229062,0.043,0.190748256736707,0.188781657248604,0.189365204205803,0.0853700650717999,0.291189049359252,37.8788768084396,37.0242248977747,36.763776705363,16.2222034344027,59.7555390511301,0.631314613473994,0.617070414962912,0.612729611756049,0.270370057240044,0.995925650852168,792.048161373786,913.012188729082,792.72017571913,790.567378635907,455.415884564819,1132.46365124991,926.519574449605,913.012188729082,357.751188527249,1795.26813810043,832.369503825552,837.319975295955,832.459081827405,505.311735819778,1185.03194044373,"none",0.157333318,0.190748257,"d__Bacteria;p__Actinobacteriota;c__Actinomycetia;o__Actinomycetales;f__Dermatophilaceae;g__Ornithinibacter;s__","12C16O_24h_100_P08_coass_bin.7"
"61","sip90",3,"t168_16O_t48_16O","t48_18O",1.73236234238914,1.74306440335113,1.73238891421269,1.73237161609935,1.72826343261373,1.73683487259836,1.74297433812794,1.74306440335113,1.73741529137801,1.74594906590913,0.0107020609619879,0.0105854239152546,0.0106068101724006,0.00432856738252885,0.0165008485404126,0.026,0.157333317823198,0.155658392702043,0.155922638668437,0.0635043770277596,0.243002422976831,109.043960041752,106.776718006293,105.371871439757,41.9759155698082,181.126399069185,1.81739933402921,1.77961196677156,1.75619785732928,0.699598592830136,3.01877331781976,792.048161373786,905.986367545548,792.72017571913,790.567378635907,455.415884564819,1132.46365124991,922.347867800945,905.986367545548,279.931121592335,1961.36823721417,830.02756343104,835.929406413068,832.509509255866,477.08571577368,1228.27836161646,"none",0.157333318,0.190748257,"d__Bacteria;p__Actinobacteriota;c__Actinomycetia;o__Actinomycetales;f__Dermatophilaceae;g__Ornithinibacter;s__","12C16O_24h_100_P08_coass_bin.7"
"62","sip97",5,"t168_16O_t48_16O","t168_18O",1.72855367710794,1.73789488892667,1.72855823222141,1.72859146810238,1.72705529684383,1.72980828003743,1.73784067888831,1.73789488892667,1.73278279899594,1.74562282149089,0.00934121181872927,0.00928244666689995,0.00905600573270116,0.00413678525953665,0.0169504190226657,0.009,0.137619661848356,0.136757855633832,0.133395845378692,0.0609127276916163,0.249705366774255,30.8076586076067,29.7758179732949,30.0648396126986,15.5421742608007,47.2730697950437,0.513460976793445,0.496263632888249,0.501080660211644,0.259036237680011,0.787884496584062,954.371184802313,906.262214874967,957.490069254645,944.316960955611,741.488030525154,1249.0473567637,910.638977600192,906.262214874967,448.125499154606,1271.62785107496,938.334861493198,941.873038703161,937.839146883561,741.470103573525,1171.11776750964,"none",0.205207643,0.137619662,"d__Bacteria;p__Actinobacteriota;c__Actinomycetia;o__Propionibacteriales;f__Propionibacteriaceae;g__Friedmanniella;s__","12C18O_168h_50_P13_coass_bin.5"
"63","sip97",3,"t168_16O_t48_16O","t48_18O",1.72855367710794,1.74248255935265,1.72855823222141,1.72859146810238,1.72705529684383,1.72980828003743,1.74245684557391,1.74248255935265,1.74076268932199,1.74368077094582,0.0139288822447052,0.0138986133524982,0.013881383975997,0.0119983166106967,0.0158952681929325,0.016,0.205207643466405,0.204765318828308,0.204568713136441,0.176696755306167,0.234281594347316,145.612975071994,145.096726742403,144.227800775713,123.324823671828,172.171248918941,2.42688291786657,2.41827877904005,2.40379667959522,2.05541372786379,2.86952081531568,954.371184802313,640.665943036317,957.490069254645,944.316960955611,741.488030525154,1249.0473567637,646.440472106925,640.665943036317,454.570143034285,1003.18594324804,849.802770880315,853.806870205405,844.918149096117,678.543871079956,1079.49593456699,"none",0.205207643,0.137619662,"d__Bacteria;p__Actinobacteriota;c__Actinomycetia;o__Propionibacteriales;f__Propionibacteriaceae;g__Friedmanniella;s__","12C18O_168h_50_P13_coass_bin.5"
"64","sip98",3,"t168_16O_t48_16O","t48_18O",1.72628905001758,1.73471642744454,1.72629713821495,1.72636673809362,1.72362057367001,1.72835645880628,1.73472336319527,1.73471642744454,1.73370735193324,1.73537629280839,0.00842737742695965,0.00842622498031439,0.00836449937978823,0.00627843127390853,0.0110807080998004,0.016,0.12431401960823,0.124308000917468,0.123342251456927,0.0924937751254279,0.163643566654316,693.468890521787,691.383197073303,685.577057071479,539.172085039114,874.373004236256,11.5578148420298,11.5230532845551,11.4262842845246,8.98620141731857,14.5728834039376,7020.53554487396,6000.86760132708,7044.71141748942,7020.53554487396,5520.25912301963,8772.3703875484,6030.61276994097,6000.86760132708,4455.24993688906,7613.50818159421,6680.64623035833,6706.67853497327,6682.3644792113,5596.45990717159,7896.41277084477,"none",0.12431402,0.120214805,"d__Bacteria;p__Actinobacteriota;c__Actinomycetia;o__Mycobacteriales;f__Geodermatophilaceae;g__Blastococcus;s__","H2-18-all-fractions_metab_36.Geodermatophilales_73_36"
"65","sip98",5,"t168_16O_t48_16O","t168_18O",1.72628905001758,1.73443853739881,1.72629713821495,1.72636673809362,1.72362057367001,1.72835645880628,1.73440161900794,1.73443853739881,1.73202773318659,1.73595415385349,0.00814948738123245,0.00810448079298578,0.00809031809699134,0.00510985199922682,0.0112615452506404,0.011,0.12021480500762,0.119562179900107,0.119376004097034,0.0752995828752878,0.166400400879079,198.54826892725,195.967627304791,195.702055661432,139.195203241529,254.956678121473,3.30913781545416,3.26612712174652,3.26170092769053,2.31992005402548,4.24927796869121,7020.53554487396,6727.61625514606,7044.71141748942,7020.53554487396,5520.25912301963,8772.3703875484,6757.37087125452,6727.61625514606,5477.61927561929,8459.21367147035,6922.89578163132,6948.93123541112,6936.51281048739,5825.26940575366,8153.8566666252,"none",0.12431402,0.120214805,"d__Bacteria;p__Actinobacteriota;c__Actinomycetia;o__Mycobacteriales;f__Geodermatophilaceae;g__Blastococcus;s__","H2-18-all-fractions_metab_36.Geodermatophilales_73_36"
