Genome	12C16O_0h_100_P08_unf.bam-sort RPKM	12C16O_0h_100_P14_unf.bam-sort RPKM	12C16O_0h_100_P16_unf.bam-sort RPKM	12C16O_0h_50_P09_unf.bam-sort RPKM	12C16O_0h_50_P10_unf.bam-sort RPKM	12C16O_0h_50_P13_unf.bam-sort RPKM	12C16O_168h_100_P08_unf.bam-sort RPKM	12C16O_168h_100_P14_unf.bam-sort RPKM	12C16O_168h_100_P16_unf.bam-sort RPKM	12C16O_168h_50_P09_unf.bam-sort RPKM	12C16O_168h_50_P10_unf.bam-sort RPKM	12C16O_168h_50_P13_unf.bam-sort RPKM	12C16O_24h_100_P08_unf.bam-sort RPKM	12C16O_24h_100_P14_unf.bam-sort RPKM	12C16O_24h_100_P16_unf.bam-sort RPKM	12C16O_48h_100_P08_unf.bam-sort RPKM	12C16O_48h_100_P14_unf.bam-sort RPKM	12C16O_48h_100_P16_unf.bam-sort RPKM	12C16O_48h_50_P09_unf.bam-sort RPKM	12C16O_48h_50_P10_unf.bam-sort RPKM	12C16O_48h_50_P13_unf.bam-sort RPKM	12C16O_72h_100_P08_unf.bam-sort RPKM	12C16O_72h_100_P14_unf.bam-sort RPKM	12C16O_72h_100_P16_unf.bam-sort RPKM
12C18O_168h_50_P13_coass_bin.28	0	0	0	0	0	0	0	0	0	0	0	0	0	0	0	0	0	0	0	0	0	0	0	0
12C16O_168h_50_P09_coass_bin.26	2.2940543	3.0248463	2.342196	1.368031	1.211378	0.9628999	1.8679659	2.1044788	1.9271402	1.0868753	1.0764686	0	2.623107	2.5051835	2.3628042	2.5686896	2.2600758	2.1742134	1.4315914	1.1639068	0	2.481341	2.3662438	2.141298
12C16O_24h_100_P16_coass_bin.6	3.0522482	3.1557305	2.4712515	3.6750453	2.0777812	2.1571581	1.684094	1.5762902	1.3777484	2.1429145	1.1951826	1.2838595	2.168202	1.6679949	1.8900673	2.1018581	1.999706	1.53896	2.6152635	1.5637251	1.4836785	2.0289326	1.6543219	1.773191
12C16O_24h_100_P14_coass_bin.36	0	0	0	0	0	0	0	0	0	0	0	0	0	0	0	0	0	0	0	0	0	0	0	0
12C16O_168h_100_P08_coass_bin.16	0	0	0	0	0	0	0	0	0	0	0	0	0	0	0	0	0	0	0	0	0	0	0	0
H3-16-all-fractions_metab_44.Cytophagales_44_0	0	0	0	0	0	0	0	0	0	0	0	0	0	0	0	0	0	0	0	0	0	0	0	0
H3-18-all-fractions_metab_maxbC_83.Verrucomicrobia_60_12	0	0	0	0	0	0	0	0	0	0	0	0	0	0	0	0	0	0	0	0	0	0	0	0
12C16O_168h_50_P13_coass_bin.11	0	0	0	0	0	0	0.83154637	0.9196809	1.591613	0	1.4073085	1.8707509	0	0	0	0	0	0.6887419	0	1.2624131	1.4022512	0	0	0.77656883
12C18O_168h_50_P13_coass_bin.5	1.5895867	2.263406	1.6077344	1.4084569	1.9547164	2.2343688	1.8625555	2.003329	2.1785855	1.8578712	1.9117236	2.316413	2.3490825	2.3406305	2.385563	2.34864	2.2752178	2.501727	2.1343	2.3799202	2.6401412	2.2276278	2.3397527	2.1871867
H1-18-all-fractions_metab_conc_71.Actinobacteria_71_26	2.7906222	4.0659966	2.5795283	3.3328617	0	2.5267043	2.0618281	2.529159	1.6004497	2.0112975	0	1.5053785	2.3865337	2.1634412	2.8782523	2.1783934	2.7350934	1.7809409	2.258666	0	1.6887835	2.187245	2.5966952	1.9538491
H3-18-all-fractions_metab_conc_4.Bradyrhizobium_62_18	1.1665642	0	1.2564083	1.1809312	1.2429469	2.16295	1.4988657	1.7290881	1.604933	1.391766	1.2704355	2.2571218	1.4412017	1.329766	1.599028	1.4445215	1.5703028	1.4035559	1.3035791	1.4077096	2.182255	1.5118172	1.6026853	1.2568111
H2-16-all-fractions_metab_conc_71.Burkholderiales_69_31	0	0	0	0	0	0	0	0	0	0	0	0	0	0	0	0	0	0	0	0	0	0	0	0
12C18O_48h_100_P16_coass_bin.34	0	1.0206424	1.2635672	0	0.642326	0	0	1.1746447	1.0553906	0	0.5569012	0.9080149	0	1.065958	1.1034111	0	0.92626977	1.197199	0	0	0.73729765	0	0.96490896	1.4509912
12C16O_48h_50_P10_coass_bin.41	0	0	0	0	0.6533553	0	0	0.7456746	0	0	1.2234093	1.0305749	0	0	0	0	0	0	0	1.1745288	0.9698559	0	0.7220086	0
H3-18-all-fractions_metab_conc_87.Bacteria_55_12	0	0	0	0.7588034	0	0	0	0	0	0.6167459	0	0	0	0	0	0	0	0	0.60505277	0	0	0	0	0
12C16O_48h_100_P14_coass_bin.1	2.4367006	2.0496778	1.8815783	2.5080478	1.3447871	1.608021	1.7538643	1.3738297	1.2143121	1.5248485	0.913291	1.0106692	2.146154	1.6267699	1.589957	2.0082679	1.5225704	1.408899	1.8869668	0	1.1451247	1.9465338	1.4367067	1.4757053
H3-16-all-fractions_metab_conc_118.Mycobacterium_smegmatis_66_0	1.4763436	1.7590843	1.819226	1.6256915	1.4501821	2.0404572	1.5571607	1.8023217	1.9414364	1.6291047	1.3344394	1.8728759	1.9539487	2.181562	2.002513	1.8819295	2.1535048	2.1531525	1.9057795	1.5973773	1.94635	1.6730629	1.8952367	1.9501588
12C18O_72h_100_P08_coass_bin.31	0	0	0	0	0	0	0	0	0	0	0	0	0	0	0	0	0	0	0	0	0	0	0	0
H2-16-all-fractions_metab_123.Actinobacteria_72_22	1.455222	0	1.2197459	1.6563395	0	0	0	0	0	0.98765475	0	0	0	0	0	0	0	0	1.1749774	0	0	0	0	0
12C18O_168h_100_P16_coass_bin.36	0	0	0	0	0	0	0	0	0	0	0	0	0	0	0	0	0	0	0	0	0	0	0	0
H1-18-all-fractions_metab_conc_20.Bacteria_57_11	0	0	0	0	0	0	0	0	0	0	0	0	0	0	0	0	0	0	0	0	0	0	0	0
12C16O_48h_50_unf_bin.11	0	0	0	0	0	0	0	0	0	0	0	0	0	0	0	0	0	0	0	0	0	0	0	0
H3-16-all-fractions_metab_conc_60.Gemmatimonadetes_63_0	0	0	0	0	0	0	0	0	0	0	0	0	0	0	0	0	0	0	0	0	0	0	0	0
12C18O_168h_100_P16_coass_bin.19	0	0	0	0.976738	0	0	0	0	0	0.69446284	0	0	0	0	0	0	0	0	0.85188854	0	0	0	0	0
H3-16-all-fractions_metab_conc_1.Bacteria_58_0	0	0	0	0	0	0	0	0	0	0	0	0	0	0	0	0	0	0	0	0	0	0	0	0
12C16O_168h_50_unf_bin.34	0	0	0	0	0	0	0	0	0	0	0	0	0	0	0	0	0	0	0	0	0	0	0	0
12C16O_48h_50_P09_coass_bin.3	0	0	0	0	0	0	0	0	0	0	0	0	0	0	0	0	0	0	0	0	0	0	0	0
H1-16-all-fractions_conc_50.Massilia_sp__JS1662_67_10	0	0	0	0	0	0	0	0	0	0	0	0	0	0	0	0	0	0	0	0	0	0	0	0
12C18O_24h_100_P08_coass_bin.27	0	0	0	0	0	0	0	0	0	0	0	0	0	0	0	0	0	0	0	0	0	0	0	0
12C16O_48h_50_P09_coass_bin.2	0	0	0	0	0	0	0	0	0	0	0	0	0	0	0	0	0	0	0	0	0	0	0	0
H2-16-all-fractions_metab_conc_43.Acidobacteriales_58_14	0	0	0	0	0	0	0	0	0	0	0	0	0	0	0	0	0	0	0	0	0	0	0	0
12C16O_48h_50_P10_coass_bin.30	0.8770577	0	0	1.2272966	0.75762856	0	0	0	0	0.88958466	0.57880807	0	0	0	0	0	0	0	1.0859386	0	0	0	0	0
H2-18-all-fractions_metab_36.Geodermatophilales_73_36	8.520932	11.482505	7.003609	7.783411	9.198309	9.76485	9.638288	9.480014	9.526956	10.978675	9.11888	10.350982	11.986529	10.415251	10.46653	11.920345	10.508551	10.911762	12.920636	11.784886	12.318047	11.517791	10.658286	9.951234
12C16O_48h_100_P14_coass_bin.33	0	0	0	0	0	0	0	0	0	0	0	0	0	0	0	0	0	0	0	0	0	0	0	0
12C16O_72h_100_P16_coass_bin.26	0	0	0	0	0	0	0	0	0	0	0	0	0	0	0	0	0	0	0	0	0	0	0	0
12C16O_0h_100_P08_coass_bin.5	1.6527709	1.6467758	1.355733	1.2424518	2.3314571	2.343505	2.155814	1.8897775	1.8015401	1.8789735	2.5697765	2.743492	1.8828013	1.4167758	1.7130634	1.8897817	1.5835919	1.4652814	1.4690943	2.6643662	2.5764163	1.9680854	1.6943791	1.4430503
12C18O_72h_100_P14_coass_bin.20	0	0	0	0	0	0	0	0	0	0	0	0	0	0	0	0	0	0	0	0	0	0	0	0
H1-16-all-fractions_metab_conc_68.Ktedonobacter_racemifer_52_21	0	0	0	0	0	0	0	0	0	0	0	0	0	0	0	0	0	0	0	0	0	0	0	0
H3-16-all-fractions_metab_maxbC_4.Bacteria_48_0	0	0	0	0	0	0	0	0	0	0	0	0	0	0	0	0	0	0	0	0	0	0	0	0
12C16O_24h_100_unf_bin.5	3.0556607	3.4107914	3.9207015	2.502531	4.234286	5.362847	4.2677946	5.143568	5.6755776	3.8244421	4.647647	6.3791785	3.9863098	4.8442454	4.4297647	4.176589	4.2187214	4.7929945	3.39631	5.1919036	6.3660536	4.2651777	4.5405717	4.215403
12C16O_48h_100_unf_bin.21	0	0	0	0	0	0	0	0	0	0	0	0	0	0	0	0	0	0	0	0	0	0	0	0
12C18O_24h_100_P16_coass_bin.26	0	0	0	0	0	0	0	0	0	0	0	0	0	0	0	0	0	0	0	0	0	0	0	0
H2-18-all-fractions_metab_conc_56.Bacteria_56_17	0	0	0	0	0	0	0	0	0	0	0	0	0	0	0	0	0	0	0	0	0	0	0	0
H2-16-all-fractions_metab_conc_17.Alphaproteobacteria_61_12	0	0	0	0	0	0	0	0	0	0	0	0	0	0	0	0	0	0	0	0	0	0	0	0
H3-16-all-fractions_metab_conc_100.Burkholderiales_71_0	0	0	0	0	0	0	0	0	0	0	0	0	0	0	0	0	0	0	0	0	0	0	0	0
12C16O_48h_100_unf_bin.36	0	0	0	0	0	0	0	0	0	0	0	0	0	0	0	0	0	0	0	0	0	0	0	0
H2-18-all-fractions_metab_maxbC_80.Verrucomicrobia_59_11	0	0	0	0	0	0	0	0	0	0	0	0	0	0	0	0	0	0	0	0	0	0	0	0
H1-16-all-fractions_metab_conc_39.Actinobacteria_66_10	0	0	0	0	0	0	0	0	0	0	0	0	0	0	0	0	0	0	0	0	0	0	0	0
12C18O_168h_50_P13_coass_bin.4	1.3339756	1.8047034	1.6590317	1.2870984	2.055441	1.2494241	0.98547894	1.077664	1.1394861	0	1.2753519	0	1.1300871	1.3722248	1.3018918	1.0657613	1.1708736	1.2214596	0.97342193	1.524282	0	1.0128044	1.1715682	1.3098516
12C16O_48h_50_unf_bin.28	0	0	0	0	0	0	0	0	0	0	0	0	0	0	0	0	0	0	0	0	0	0	0	0
12C16O_168h_50_unf_bin.52	0	0	0.5234839	0	0.7589962	0.98384386	0.88868195	0.8554325	0.87631243	0.7912076	1.3197534	1.7550921	0.70980555	0.668963	0.67002416	0.7706488	0	0.76832396	0	0.92097616	1.026481	0.76037645	0.6707189	0.6595439
12C16O_72h_100_unf_bin.14	0	0	0	0	0	0	0	0	0	0	0	0	0	0	0	0	0	0	0	0	0	0	0.8244994	0
12C18O_168h_100_P14_coass_bin.30	0	0	0	0	0	0	0	0	0	0	0	0	0	0	0	0	0	0	0	0	0	0	0	0
H1-18-all-fractions_conc_108.Bacteria_69_11	0	1.1514065	0	0.85271204	0	0	0	0.9817042	0	0.72986495	0	0	0	0	0.9539077	0	0.96385163	0	0.6349358	0	0	0	0.9473191	0
12C16O_48h_50_P10_coass_bin.27	0	0	0	0	0	0	0	0	0	0	0	0	0	0	0	0	0	0	0	0	0	0	0	0
12C16O_24h_100_P08_coass_bin.7	1.6802286	1.448485	1.1914568	0.83204967	2.8308566	2.1147218	1.7222964	1.4890393	1.3074758	0.9986979	2.6507356	2.021034	2.1222713	1.4983088	1.4313605	2.2841556	1.3932986	1.468277	1.2785307	3.3348215	2.183264	2.2448103	1.5613143	1.4979123
12C16O_168h_50_unf_bin.22	1.5361367	0	1.3426595	0.9640577	1.5721442	1.8905447	2.0986009	1.6932012	1.7596064	1.3883258	2.0885208	2.2267418	1.6644853	1.3351836	1.6651188	1.5805835	1.4204241	1.3253366	0.92818797	1.5889375	1.6647084	1.7221825	1.5369968	1.3353566
12C16O_168h_50_P09_coass_bin.27	2.2561283	3.095747	2.2315392	2.608426	2.9881787	3.2246437	1.519922	1.9857472	1.3147988	1.4395801	1.8899248	1.9750993	1.7956846	1.7094208	2.2755501	1.5892444	2.1595445	1.4870476	1.6596308	2.207139	2.3000057	1.6437662	2.1055365	1.609366
12C16O_48h_100_unf_bin.19	1.1473883	0	0	0	0	0	0	0	1.90119	0.5505492	0.8987535	0.8811754	0.8409952	1.2579652	0	1.2885334	0	3.6083324	0	0	0.8709847	0	0	0.7570452
12C18O_72h_100_P14_coass_bin.18	0	0	0	1.9018676	0	0	0	0	0	0	0	0	0	0	0	0	0	0	0	0	0	0	0	0
12C16O_168h_50_P09_coass_bin.9	0.78194153	1.156032	1.1247394	0.8266987	1.0526899	1.1556146	6.8502336	7.1279974	9.72044	7.0050216	5.909744	6.3307667	2.1208897	2.871229	3.442614	3.1215105	4.2985487	4.1450987	3.3624766	5.4804296	4.2803254	4.2715106	4.6919794	4.8811007
12C18O_72h_100_P08_coass_bin.25	0	0	0	0	0	0	0	0	0	0	0	0	0	0	0	0	0	0	0	0	0	0	0	0
12C16O_168h_50_P10_coass_bin.16	0	0	0.5441568	0.85857564	0.83859247	0	0.7868506	0.7128252	0.73228574	1.0009596	0.98357844	0	0.8285477	0.7352163	0.95207036	0.84414446	0.7446763	0.8735502	1.0535864	1.1416552	0	0.71245044	0.76222724	0.72243345
12C16O_168h_50_P13_coass_bin.12	0	0	0	0	0	0	0	0	0	0	0	0	0	0	0	0	0	0	0	0	0	0	0	0
H1-16-all-fractions_metab_31.Corynebacterium_durum_57_11	0	0	0	0	0	0	0	0	0	0	0	0	0	0	0	0	0	0	0	0	0	0	0	0
H3-18-all-fractions_metab_conc_25.Acidobacteria_57_11	0	0	0	0	0	0	0	0	0	0	0	0	0	0	0	0	0	0	0	0	0	0	0	0
H3-16-all-fractions_metab_conc_38.Bacteria_65_0	0.69277894	0	0	0	0	0	1.3814744	0.7540763	0.85163265	1.0416358	1.006282	0	1.1082504	0	0	1.0927181	0.69563353	0	0.84958684	1.0058067	0	1.0715344	0.61576736	0
12C16O_72h_100_P16_coass_bin.33	2.8965914	1.6971046	5.752382	3.486349	4.348326	2.4588091	2.6521263	2.7184787	4.6862125	2.7598803	3.1365833	1.7763568	3.3148196	5.9334917	3.684346	3.146877	3.276501	5.9322467	3.1749532	3.6303177	2.021632	2.9187274	3.3741038	5.598336
12C16O_48h_100_P14_coass_bin.26	0	0	0	0	0	0	0	0	0	0	0	0	0	0	0	0	0	0	0	0	0	0	0	0
H1-18-all-fractions_conc_122.Actinobacteria_70_12	2.672286	3.570225	3.0258229	2.8928258	2.93725	2.6753275	1.4674914	1.5938038	0	1.4945912	1.5502456	1.5246273	1.8911381	1.9584231	1.9248153	1.707366	2.0715272	1.7667032	1.816384	1.9322572	1.7453994	1.7206309	1.7233756	1.979983
H3-16-all-fractions_metab_148.Actinobacteria_72_0	0	0	0	0	0	0	0	0	0	0	0	0	0	0	0	0	0	0	0	0	0	0	0	0
H3-16-all-fractions_metab_conc_46.Alphaproteobacteria_61_0	0	0	0	0	0	0	0	0	0	0	0	0	0	0	0	0	0	0	0	0	0	0	0	0
12C16O_48h_50_P10_coass_bin.25	4.2724204	6.2521033	6.7075043	5.5539503	12.93284	6.3454537	2.9584916	3.630885	4.086144	2.9611647	8.129386	3.989424	3.7571573	5.821808	4.6733837	3.5179307	4.3700705	5.0883536	3.8644786	10.251971	4.432332	3.394367	4.0836816	5.4394426
12C16O_72h_100_unf_bin.16	0	0	0	0	0	0	0	0	0	0	0.67224807	0.9166649	0	0	0	0	0	0	0	0	0	0	0	0
H3-16-all-fractions_metab_maxbC_112.Burkholderiales_62_0	0	0	0	0	0	0	0	0	0	0	0	0	0	0	0	0	0	0	0	0	0	0	0	0
12C18O_24h_100_P08_coass_bin.24	0	0	0	0	0	0	0	0	0	0	0	0	0	0	0	0	0	0	0	0	0	0	0	0
12C16O_48h_50_unf_bin.12	0	0	0	0	0	0	0	0	0	0	0	0	0	0	0	0	0	0	0	0	0	0	0	0
12C18O_168h_50_P09_coass_bin.24	0	0	0	0	0	0	0	0	0	0	0	0	0	0	0	0	0	0	0	0	0	0	0	0
12C16O_168h_50_unf_bin.37	0	0	0	0	0	0	0	0	0	0	0	0	0	0	0	0	0	0	0	0	0	0	0	0
12C16O_48h_100_P08_coass_bin.21	0	0	0	0	0	0	0	0	0	0	0	0	0	0	0	0	0	0	0	0	0	0	0	0
12C18O_48h_100_P08_coass_bin.18	0	0	0	0	0	0	0	0	0	0.56177145	0	0	0	0	0	0	0	0	0.6897922	0	0	0	0	0
12C18O_168h_100_P14_coass_bin.8	0	0	0	0	0	0	0	0	0	0	0	0	0	0	0	0	0	0	0	0	0	0	0	0
H1-16-all-fractions_metab_conc_20.Bacteria_65_10	0	0	0	0	0	0	0	0	0	0	0	0	0	0	0	0	0	0	0	0	0	0	0	0
12C16O_0h_100_unf_bin.13	0	0	0.5084604	0	0	0	0	0	0	0	0	0	0	0	0	0	0	0	0	0	0	0	0	0
12C16O_168h_50_unf_bin.47	0	0	0	0	0	0	0	0	0	0	0.83221394	0	0	0	0	0	0	0	0	0	0	0	0	0
12C18O_168h_50_P10_coass_bin.9	0	0	0	0	0	0	0	0	0	0	0	0	0	0	0	0	0	0	0	0	0	0	0	0
12C18O_168h_50_P13_coass_bin.13	0	0	0	0	0	0	0	0	0	0	0.49729937	0.66445196	0	0	0	0	0	0	0	0	0.52843636	0	0	0
H3-16-all-fractions_metab_conc_10.Gemmatimonadetes_68_0	0	0	0	0	0	0	0	0	0	0	0	0	0	0	0	0	0	0	0	0	0	0	0	0
12C16O_48h_100_unf_bin.8	0	0	0	0	0	0	0	0	0	0	0	0	0	0	0	0	0	0	0	0	0	0	0	0
12C16O_48h_100_P08_coass_bin.5	0	0	0	0	0	0	0	0	0	0	0	0	0	0	0	0	0	0	0	0	0	0	0	0
12C16O_168h_100_unf_bin.37	0	0	0	0	0	0	0	0	0	0	0	0	0	0	0	0	0	0	0	0	0	0	0	0
12C18O_72h_100_P14_coass_bin.22	0	0	0	0	0	0	0	0	0	0	0	0	0	0	0	0	0	0	0	0	0	0	0	0
H1-18-all-fractions_metab_conc_17.Bacteria_55_30	0.94950247	0	0.8742749	1.3854003	0	0	0.98557997	0	0.8281871	1.1410122	0	0	1.1379598	0.92802596	0.76196	0.96587735	0	0.86052305	1.1316267	0	0	0.93605894	0.59435964	0.8568041
12C18O_168h_100_P16_coass_bin.34	0	0	0	0	0	0	0	0	0	0	0	0	0	0	0	0	0	0	0	0	0	0	0	0
12C18O_168h_50_P10_coass_bin.8	0	0	0	0	0	0	0	0	0	0	0	0	0	0	0	0	0	0	0	0	0	0	0	0
12C18O_168h_50_P13_coass_bin.12	1.8409704	2.1233554	1.6032232	2.1104383	0	0	0	0	0	1.2602972	0	0	0	0	0	0	0	0	1.536779	0	0	0	0	0
12C16O_0h_100_unf_bin.12	1.0599115	0	0.894418	0.8715972	0	0	0.725928	0	0	0.644493	0	0	0.8447687	0	0	0.81377804	0	0	0.7297357	0	0	0.7529557	0	0
12C16O_48h_100_P14_coass_bin.3	0	0	0	0	0	0	0	0	0	0	0	0	0	0	0	0	0	0	0	0	0	0	0	0
12C16O_72h_100_unf_bin.1	0	0	0	0	0	0	0	0	0	0	0	0	0	0	0	0	0	0	0	0	0	0	0	0
12C16O_48h_50_P10_coass_bin.43	1.2123524	1.0669596	1.2674751	1.2476548	2.2814012	1.605201	1.0015461	1.2645848	0.9987661	0.9848186	1.5261111	1.0425056	1.2416477	1.23371	1.588993	1.2624236	1.5430855	1.1758032	1.2318853	2.0318918	1.2864492	1.1647737	1.5473847	1.2243618
12C18O_48h_100_P08_coass_bin.19	1.894346	1.6879622	1.4898124	1.9741495	0	0	1.3664235	0	0	1.1843959	0	0	1.6916152	1.2770294	1.2806879	1.5491589	1.1850007	0	1.4335748	0	0	1.5122496	1.1532214	1.162485
H3-16-all-fractions_metab_conc_36.Acidobacteriales_61_0	0	0	0	0	0	0	0	0	0	0	0	0	0	0	0	0	0	0	0	0	0	0	0	0
12C18O_48h_100_P16_coass_bin.36	0	0	0	0	0	0	0	0	0	0.85491806	0	0	0	0	0	0	0	0	0	0	0	0	0	0
12C16O_24h_100_unf_bin.14	0	0	1.0473994	0	1.2747518	1.3612125	0	1.1025765	0	0	1.1174505	1.223567	1.327811	1.204951	1.6300873	0	1.1955462	0	0	1.1812829	1.1841472	0	1.1910866	0
H3-16-all-fractions_metab_conc_6.RIF_CHLX_71_0	1.3410431	1.522056	0	1.3775957	0	0	1.0597862	0	0	1.035629	0	0	0	0	0	0	0	0	0.9915294	0	0	0	0	0
12C18O_48h_100_P08_coass_bin.5	0	0	0	0	0	0	0	0	0	0	0	0	0	0	0	0	0	0	0	0	0	0	0	0
12C16O_168h_100_unf_bin.3	0	0	0	0	0	0	0	0	0	0	0	0	0	0	0	0	0	0	0	0	0	0	0	0
12C16O_168h_100_unf_bin.19	2.67206	3.1105137	3.0988321	2.8943834	2.6402888	0	0	0	0	0	0	0	0	2.594511	0	0	0	2.2538676	1.993232	0	0	0	2.0741656	2.4310954
12C16O_48h_50_P09_coass_bin.1	0	0	0	0	0	0	0	0	0	0	0	0	0	0	0	0	0	0	0	0	0	0	0	0
H3-16-all-fractions_metab_conc_77.Bacteria_60_0	0	0	0	0	0	0	0	0	0	0	0	0	0	0	0	0	0	0	0	0	0	0	0	0
12C18O_168h_50_P09_coass_bin.25	0	0	0	0	0	0	0	0	0	0	0	0	0	0	0	0	0	0	0	0	0	0	0	0
12C18O_72h_100_P16_coass_bin.24	0	0	0	0	0	0	0	0	0	0	0	0	0	0	0	0	0	0	0	0	0	0	0	0
H1-16-all-fractions_metab_conc_1.Actinobacteria_71_32	4.336905	5.045928	3.9446797	4.1912484	3.6512876	4.0936346	3.0453808	2.9608698	2.5932086	2.6272945	2.2900598	2.5943885	3.8319993	3.308812	3.5730133	3.4785926	3.3376663	2.8362556	3.1223016	2.8289025	2.7379794	3.458201	3.2291133	2.9721968
12C18O_168h_100_P14_coass_bin.33	0	0	0	0	0	0	0	0	0	0	0	0	0	0	0	0	0	0	0	0	0	0	0	0
12C16O_24h_100_P14_coass_bin.34	0	0	0	0	0	0	0	0	0	0	0	0	0	0	0	0	0	0	0	0	0	0	0	0
12C16O_168h_50_P09_coass_bin.24	0	0	0	0	0	0	0	0	0	0	0	0	0	0	0	0	0	0	0	0	0	0	0	0
H1-18-all-fractions_metab_conc_22.Bacteria_59_8	0	0	0	0	0	0	0	0	0	0	0	0	0	0	0	0	0	0	0	0	0	0	0	0
12C16O_72h_100_unf_bin.38	0	0	0	0	0	0	0	0	0	0	0	0	0	0	0	0	0	0	0	0	0	0	0	0
12C16O_24h_100_unf_Bacillales_marker_41_19	0	0	0	0	0	0	0	0	0.950276	0.64356357	0.6899333	0	4.6162996	3.506118	1.149203	2.9193892	0.7172803	3.8520398	2.3463008	0.7874499	0.78816557	1.5128672	1.6850224	2.3554425
12C16O_168h_100_P14_coass_bin.8	0	0	0	0	0	0	0	0	0	0	0	0	0	0	0	0	0	0	0	0	0	0	0	0
12C16O_168h_50_P10_coass_bin.17	0	0	0	0	0.99520826	0	0	0	0	0	0	0	0	0	0	0	0	0	0	0	0	0	0	0
H2-16-all-fractions_metab_138.Actinobacteria_69_25	0	0	0	0	1.3623979	0	0	0	0	0	0	0	0	0	0	0	0	0	0	0	0	0	0	0
H2-16-all-fractions_metab_conc_131.Actinobacteria_71_27	0	0	0	0	0	0	0	0	0	0	0	0	0	0	0	0	0	0	0	0	0	0	0	0
12C16O_72h_100_P14_coass_bin.22	7.7586803	10.469077	5.760442	8.027172	5.855378	6.0546165	3.432922	5.704974	2.1684911	3.4161024	2.5535614	3.2923045	4.715831	2.9158616	7.054369	4.0185013	6.677583	2.40348	4.024271	2.894542	3.559495	4.047542	6.221222	2.998378
12C16O_168h_100_unf_bin.21	0	0	0	0	0	0	0	0	0	0	0	0	0	0	0	0	0	0	0	0	0	0	0	0
12C18O_168h_100_P14_coass_bin.20	0	0	0	0	0	0	0	0	0	0	0	0	0	0	0	0	0	0	0	0	0	0	0	0
12C18O_168h_50_P09_coass_bin.21	3.1627822	1.6730127	2.280716	3.4639528	1.9061922	2.9880412	3.3226686	3.0038993	2.3129728	3.2044497	1.6897361	2.6253958	3.64175	2.3831828	3.4482698	3.7932453	3.4403682	2.4952703	3.620222	2.0485566	2.8416667	3.4917743	3.2785845	2.3148866
12C16O_48h_50_unf_bin.17	0	0	0	0	0	0	0	0	0	0	0	0	0	0	0	0	0	0	0	0	0	0	0	0
12C18O_48h_100_P08_coass_bin.32	1.1787575	1.3522924	1.1757166	0	0	0	0	1.053353	0	0	0	0	1.355795	1.234438	1.1617762	1.3059921	1.0926508	1.1036708	0	0	0	1.2606153	1.1475836	1.085155
12C16O_24h_100_P16_coass_bin.18	1.0222262	0	1.06086	1.0867466	0	1.1895115	1.0194838	1.0106171	0.9618118	0.901934	0	0	1.1320301	1.0349602	1.1690469	1.0832534	1.1052895	1.0185417	1.0033337	0	1.1098877	1.0468849	1.0100572	0.97003776
H2-16-all-fractions_metab_121.Acidobacteria_65_12	0	0	0	0	0	0	0	0	0	0	0	0	0	0	0	0	0	0	0	0	0	0	0	0
12C16O_0h_50_P09_coass_bin.5	2.1737142	1.7615591	1.736666	2.414067	1.0586358	1.1065203	1.5604702	1.0160971	1.1475097	1.4845284	0.7080629	0	1.7036872	1.4394763	1.162995	1.597749	1.1105527	1.1849135	1.5664726	0	0	1.5803806	1.0663731	1.3044983
12C16O_168h_100_P16_coass_bin.28	0	0.9580547	2.9564986	0	1.1956319	0	1.2206354	1.8639361	3.3742695	1.07267	1.7824516	1.0814542	0	2.446929	1.269872	0	1.3888649	3.215813	0	1.9151021	1.0272394	1.104063	1.4935387	3.3472376
H1-18-all-fractions_metab_conc_19.Rhizobiales_64_12	0.86753714	0	0.7864698	0.8653233	0.76817703	0.77876097	0.86810315	0.836742	0.75553113	0.7676966	0.6563815	0.70496225	0.8517292	0.74176633	0.90326333	0.83130485	0.8742471	0.66908073	0.7160902	0.66147107	0.6462598	0.7908792	0.83771414	0.70359325
12C16O_0h_100_P16_coass_bin.2	0.93475145	1.1752918	0.9793228	0.6789839	1.8816175	1.7634217	0.86978155	0.9700845	0.85371315	0.6350391	1.3801391	1.3754237	0.8865886	0.81563056	0.94928384	0.75344265	0.7953712	0.70521057	0.56208056	1.2914133	1.1321577	0.78239435	0.88398755	0.7441704
H3-18-all-fractions_metab_8.Gemmatimonadetes_73_36	0	0	0	0	0	0	0	0	0	0	0	0	0	0	0	0	0	0	0	0	0	0	0	0
12C16O_48h_100_P14_coass_bin.34	0	0	0	0	0	0	0	0	0	0	0	0	0	0	0	0	0	0	0	0	0	0	0	0
12C18O_48h_100_P08_coass_bin.1	5.2931404	3.0908613	5.8873825	6.1517797	5.726991	6.6700397	5.578717	5.712208	6.097413	5.8474545	5.337828	6.076502	7.239124	7.4686666	7.2323704	7.127112	6.5480657	7.0828567	6.9978833	6.8043585	6.5815253	6.4956746	6.6898293	7.0275807
12C18O_168h_50_P10_coass_bin.12	1.5292335	0	1.3618604	1.8965832	1.9175457	1.4099213	1.9942601	1.9101536	1.6058118	1.9842118	2.0786698	1.6766957	1.8408403	1.4952999	2.1037083	1.6568075	1.623312	1.387117	1.6701696	1.9168577	1.5024158	1.6268784	1.7227483	1.4314141
H2-18-all-fractions_metab_conc_57.Sphingobacteriales_44_10	0	0	0	0	0	0	0	0	0	0	0	0	0	0	0	0	0	0	0	0	0	0	0	0
12C16O_48h_100_P14_coass_bin.7	0	0	0	0	0	0	0	0	0	0	0	0	0	0	0	0	0	0	0	0	0	0	0	0
12C16O_0h_50_P09_coass_bin.29	1.1485603	0.8910069	1.3466066	1.5584505	1.8178905	1.1787722	1.423012	1.534664	1.4739097	1.705724	1.7172437	1.3100014	1.296902	1.4189984	1.7230626	1.2827705	1.5796654	1.3890493	1.4689095	1.6352255	1.058791	1.26078	1.59692	1.4777261
12C18O_168h_100_P16_coass_bin.30	0	0	0	0	0	0	0	0	0	0	0	0	0	0	0	0	0	0	0	0	0	0	0	0
12C18O_168h_50_P13_coass_bin.16	0	0	0	0	0	0	0	0	0	0	0	0	0	0	0	0	0	0	0	0	0	0	0	0
12C16O_48h_50_unf_bin.7	0	0	0	0	0	0	0	0	0	0	0.5510928	0.72821784	0	0	0	0	0	0	0	0.95156157	1.0163496	0	0	0
12C18O_24h_100_P14_coass_bin.6	0	0	0	0	0	0	0	0	0	0	0	0	0	0	0	0	0	0	0	0	0	0	0	0
12C18O_48h_100_P16_coass_bin.25	0	0	0	0	0	0	0	0	0	0	0	0	0	0	0	0	0	0	0	0	0	0	0	0
12C16O_168h_100_unf_bin.25	0	0	0	0	0	0	0	0	0	0	0	0	0	0	0	0	0	0	0	0	0	0	0	0
H2-18-all-fractions_metab_conc_98.Propionibacteriales_71_10	0	0	0	0	0	0	0	0	0	0	0	0	0	0	0	0	0	0	0	0	0	0	0	0
12C16O_24h_100_P16_coass_bin.20	0	0	0	0	0	0	0	0	0	0	0	0	0	0	0	0	0	0	0	0	0	0	0	0
H1-18-all-fractions_conc_3.Bacteria_68_14	1.1456571	1.0867889	0.8667459	1.4418545	0	1.203976	1.4386231	1.119182	1.0103178	1.5414068	0	1.211574	1.4502981	0.9872462	1.137783	1.3215824	1.1694117	0.928937	1.5047445	0	1.0352584	1.4071265	1.1298941	0.94597423
12C16O_168h_100_P16_coass_bin.10	0	0	0	0	0	0	0	0	0	0	0	0	0	0	0	0	0	0	0	0	0	0	0	0
12C18O_168h_50_P13_coass_bin.3	0	0	0	0	0	0	0	0	0	0	0	0	0	0	0	0	0	0	0	0	0	0	0	0
H1-18-all-fractions_metab_conc_47.Burkholderiales_71_15	0	0	0	0	0	0	0	0	0	0	0	1.2862993	0	0	0	0	0	0	0	0	0	0	0	0
12C16O_48h_50_P13_coass_bin.24	0	1.9547442	0	0	2.5307622	10.404643	0	1.258639	0	0	1.3280545	6.0072203	0	0	1.5459075	0	1.4349769	0	0	1.7599815	6.685516	0	1.3818048	0
H2-16-all-fractions_metab_conc_137.Bacteria_60_16	0	0	0	0	0	0	0	0	0	0	0	0	0	0	0	0	0	0	0	0	0	0	0	0
12C16O_0h_50_P09_coass_bin.11	0	0	0	0	0	0	0	0	0	0	0	0	0	0	0	0	0	0	0	0	0	0	0	0
H2-16-all-fractions_metab_conc_65.Actinobacteria_69_12	0	0	0	0	0	0	0	0	0	0	0	0	0	0	0	0	0	0	0	0	0	0	0	0
H1-16-all-fractions_metab_conc_28.Actinobacteria_70_20	0	0	0	0	0	0	0	0	0	0	0	0	0	0	0	0	0	0	0	0	0	0	0	0
H1-16-all-fractions_metab_conc_65.Bacteria_66_15	1.417289	1.0015115	1.0151882	1.0138739	1.249432	0.83134955	3.0214944	1.9235438	2.0434394	2.2406013	2.4461908	1.4104124	2.3147557	1.4972842	1.6369654	2.3634238	1.7668766	1.5489726	1.7495759	2.3809717	1.3681693	2.3514063	1.6302538	1.4667791
H2-18-all-fractions_metab_conc_15.Gemmatimonadetes_61_16	0	0	0	0	0	0	0	0	0	0	0	0	0	0	0	0	0	0	0	0	0	0	0	0
12C16O_24h_100_P14_coass_bin.30	2.6928988	3.5047934	3.5930798	2.4844396	4.2135057	2.097191	1.9225721	2.031506	2.37899	1.591221	2.5564094	1.3616556	2.2360618	2.9555812	2.5861757	2.1053443	2.2287428	2.5610642	1.7627956	3.0006173	1.372867	1.9771621	2.2318652	2.7141626
12C16O_48h_50_P10_coass_bin.20	0	0	0	0	0	0	0	0	0	0	0	0	0	0	0	0	0	0	0	0	0	0	0	0
H1-18-all-fractions_metab_conc_10.Actinobacteria_67_14	0	0	0	0	0	0	0	0	0	0	0	0	0	0	0	0	0	0	0	0	0	0	0	0
12C16O_72h_100_P16_coass_bin.36	0	0	0	0	0	0	0	0	0	0	0	0	0	0	0	0	0	0	0	0	0	0	0	4.584695
12C16O_24h_100_unf_bin.28	0	0	0	0	0	0	0	0	0	0	0	0	0	0	0	0	0	0	0	0	0	0	0	0
12C16O_24h_100_P08_coass_bin.20	0	0	0	0	0	0	0	0	0	0	0	0	0	0	0	0	0	0	0	0	0	0	0	0
12C18O_168h_100_P08_coass_bin.27	0	0	0	0	0	0	0	0	1.2347485	0	0.8486703	1.1344997	0	0	0	0	0	0	0	0	0.78221935	0	0	0
12C16O_72h_100_unf_bin.12	0	0	0	0	0	0	0	0	0	0	0	0	0	0	0	0	0	0	0	0	0	0	0	0
12C18O_48h_100_P08_coass_bin.24	0	0	0	0	0	0	0	0	0	0	0	0	0	0	0	0	0	0	0	0	0	0	0	0
12C16O_24h_100_P16_coass_bin.1	0	0	0	0	0	0	0	0	0	0	0	0	0	0	0	0	0	0	0	0	0	0	0	0
12C16O_168h_50_P09_coass_bin.21	0	0	0	0	0	0	0	0	0	0	0	0	0	0	0	0	0	0	0	0	0	0	0	0
12C16O_168h_50_unf_bin.24	0	0	0	0	0	0	0	0	0	0	2.6668117	0	0	0	0	0	0	0	0	0	0	0	0	0
12C16O_48h_50_P13_coass_bin.25	0	0	0	0	0	0	0	0	0	0	0	0	0	0	0	0	0	0	0	0	0	0	0	0
12C16O_168h_100_P08_coass_bin.11	4.6379933	6.933353	4.7132344	5.3930526	6.851051	7.129866	3.1288793	4.4501185	2.6931832	2.8960934	4.263838	4.3584557	3.5718179	3.5706975	4.9169683	3.1709807	4.6740065	3.006881	3.3136032	5.0000553	5.141871	3.2512164	4.5586176	3.3027384
H3-16-all-fractions_metab_conc_40.Bacteroidetes_44_0	0	0	0	0	0	0	0	0	0	0	0	0	0	0	0	0	0	0	0	0	0	0	0	0
12C18O_24h_100_P08_coass_bin.18	0	0	0	0	0	0	0	0	0	0	0	0	0	0	0	0	0	0	0	0	0	0	0	0
H3-16-all-fractions_metab_maxb_73.Sphingobacteriales_41_0	0	0	0	0	0	0	0	0	0	0	0	0	0	0	0	0	0	0	0	0	0	0	0	0
H1-16-all-fractions_metab_74.Sphingomonadales_70_12	0	0	0	0	0	0	0	0	0	0	0	0	0	0	0	0	0	0	0	0	0	0	0	0
H3-16-all-fractions_metab_conc_29.Actinobacteria_71_0	0	0	0	0	0	0	0	0	0	0	0	0	0	0	0	0	0	0	0	0	0	0	0	0
12C16O_168h_50_P13_coass_bin.16	0	0	0	0	0	0	0	0	0	0	0	0	0	0	0	0	0	0	0	0	0	0	0	0
12C18O_168h_50_P13_coass_bin.2	0	0	0	0	0	0	0	0	0	0	0	0	0	0	0	0	0	0	0	0	0	0	0	0
H3-16-all-fractions_conc_123.Niastella_koreensis_45_0	0	0	0	0	0	0	0	0	0	0	0	0	0	0	0	0	0	0	0	0	0	0	0	0
12C16O_168h_50_unf_bin.54	0	0	0	0	0	0	0	0	0	0	0	0	0	0	0	0	0	0	0	0	0	0	0	0
12C18O_48h_100_P16_coass_bin.33	0	0	0	0	0	0	0	0	0	0	0	0	0	0	0	0	0	0	0	0	0	0	0	0
H3-18-all-fractions_metab_conc_49.Actinobacteria_70_18	1.7157214	0	1.4259329	1.8373816	0	0	0	0	0	1.2702527	0	0	0	0	0	0	0	0	1.4334121	0	0	0	0	0
12C16O_48h_100_unf_bin.27	0	0	0	0	0	0	0	0	0	0	0	0	0	0	0	0	0	0	0	0	0	0	0	0
12C16O_24h_100_P08_coass_bin.19	0	0	0	0	0	0	0	0	0	0	0	0	0	0	0	0	0	0	0	0	0	0	0	0
12C16O_48h_100_P14_coass_bin.6	0.8537051	1.0374044	1.0584826	0.93963426	0.8100485	1.0471444	5.4000587	4.1967745	6.6545906	6.2196937	2.746936	4.181505	1.8774523	2.2994463	2.2533162	3.0299394	3.0033956	3.7033777	3.418041	3.1075702	3.2038896	3.9136877	3.007109	3.9388535
12C16O_48h_50_unf_bin.39	0	0	0	0	0.81457764	0	0	0.75614345	0	0	0.76153255	0.7961228	0	0	0	0	0.78808165	0	0	1.0940934	1.1278491	0	0.7377649	0
12C18O_72h_100_P08_coass_bin.19	0.6582334	0	0.78544784	0.7190587	0	0	4.1881056	3.1465528	5.014538	4.7578197	2.100222	3.191783	1.3937353	1.7005578	1.6614363	2.2980163	2.2622	2.7876759	2.5998087	2.2848966	2.4112597	2.9596193	2.2353897	2.9682865
12C16O_48h_50_P09_coass_bin.4	0	0	0	0.6560719	0	0	1.2152438	0.5898801	0.62703586	1.2635785	0	0	1.4403211	0.80513453	0.84254616	1.35274	0.7810838	0.77429634	1.5424592	0	0.5749906	1.2314872	0.6614932	0.68760073
12C16O_0h_50_P09_coass_bin.4	0	0	0	0	0	0	0	0	0	0	0	0	0	0	0	0	0	0	0	0	0	0	0	0
12C16O_48h_50_P13_coass_bin.32	1.3509066	1.8813666	1.8322784	1.2477084	2.3072672	1.1818438	1.0023885	1.0898453	1.2426158	0.82011306	1.4263095	0.7940223	1.1301948	1.5112089	1.359399	1.0822592	1.18496	1.3261122	0.899653	1.6665295	0.8123804	1.0334895	1.1931522	1.4116788
12C18O_48h_100_P08_coass_bin.33	0	0	0	0	0	0	0	0	0	0	0	0	0	0	0	0	0	0	0	0	0	0	0	0
H1-18-all-fractions_metab_conc_80.Solirubrobacterales_69_26	0	0	0	0	1.3444172	1.3702229	0	0	0	0	0	0	0	0	0	0	0	0	0	0	0	0	0	0
12C16O_24h_100_P14_coass_bin.26	0	0	0	0	0	0	0	0	0	0	0	0	0	0	0	0	0	0	0	0	0	0	0	0
H1-18-all-fractions_metab_maxb_45.Sphingobacteriales_37_7	0	0	0	0	0	0	0	0	0	0	0	0	0	0	0	0	0	0	0	0	0	0	0	0
12C16O_48h_50_P10_coass_bin.36	1.6838126	1.3104156	2.024006	1.600217	3.6956341	3.9809175	2.0399375	2.7562711	2.4460337	2.022817	3.5379572	3.903909	2.0731554	2.1455452	3.0194364	2.0311296	2.6535432	2.3543513	1.837594	3.7543042	3.9815433	1.9627371	2.796199	2.1404371
12C16O_48h_50_unf_bin.16	0	0	0	0	0	0	0	0	0	0	0	0	0	0	0	0	0	0	0	0	0	0	0	0
12C18O_168h_50_P10_coass_bin.11	0	0	0	0	0	0	0	0	0	0	0	0	0	0	0	0	0	0	0	0	0	0	0	0
12C16O_48h_100_unf_bin.25	0	0	0	0	0	0	1.9023765	1.5939374	2.3022816	2.6117892	1.7379268	2.2044566	0	0.67106783	0.79117733	1.4213223	1.2298112	1.5327163	1.3510395	1.8037999	1.6346797	1.3950722	1.2216427	1.3137002
H3-16-all-fractions_metab_conc_11.Cystobacter_violaceus_70_0	0	0	0	0	0	0	1.4671605	1.5323738	1.87971	1.0436977	0.9878271	1.2116829	0	0	0	0	0	0.8771399	0	0	0	0	0	0.6682743
12C18O_72h_100_P16_coass_bin.34	0	0	0	0	0	0	0	0	0	0	0	0	0	0	0	0	0	0	0	0	0	0	0	0
H3-16-all-fractions_maxb_26.Sphingobacteriales_42_0	0	0	0	0	0	0	0	0	0	0	0	0	0	0	0	0	0	0	0	0	0	0	0	0
12C16O_0h_100_P16_coass_bin.1	0.9345614	0	0.8187683	0	1.331026	1.2999256	1.2065853	1.0666558	1.0361344	1.0424844	1.4244044	1.488556	1.0963378	0.859466	0.9867536	1.0791682	0.9443874	0.8923221	0.87471724	1.5005434	1.4435649	1.1207201	0.9819678	0.8741304
12C16O_168h_100_unf_bin.4	0	0	0	0	0	0	0	0	0	0	0	0	0	0	0	0	0	0	0	0	0	0	0	0
12C18O_48h_100_P08_coass_bin.2	0	0	0	0	0	0	0	0	0	0	0	0	0	0	0	0	0	0	0	0	0	0	0	0
H1-16-all-fractions_metab_conc_21.Actinobacteria_69_13	6.744727	7.084946	7.257798	7.078809	5.993388	5.1721244	4.6220803	4.727647	4.4970756	4.206758	3.6544855	3.236956	6.3855424	6.1683464	6.3004017	5.9041233	6.1098375	5.5753365	5.4340024	4.520078	3.635856	5.531691	5.590582	5.732133
12C16O_0h_100_P14_coass_bin.15	0.93360704	0.9398712	0.78207487	0.710082	1.3285316	1.3127605	1.2096398	1.079442	1.0335698	1.051928	1.4414611	1.5261904	1.059432	0.8106327	0.97537726	1.0587324	0.92760485	0.85503495	0.84214354	1.5057276	1.4605801	1.1161072	0.96965855	0.8258488
12C16O_0h_50_P10_coass_bin.19	0	0	0	0	0	0	0	0	0	0	0	0	0	0	0	0	0	0	0	0	0	0	0	0
12C16O_168h_50_P10_coass_bin.28	0	0	0	0	0	0	0	0	0	0	3.0283587	0	0	0	0	0	0	0	0	0	0	0	0	0
12C16O_48h_50_P13_coass_bin.30	1.8653944	2.1402168	1.5545436	2.101943	0	0	0	0	0	1.3124638	0	0	0	0	0	0	0	0	1.5910223	0	0	0	0	0
12C16O_0h_50_P09_coass_bin.6	0	0	0.4858368	0.74620426	0	0	0.6786498	0	0.64711493	0.8666655	0	0	0.7425948	0.6170932	0.6257534	0.726179	0	0.71889955	0.8969481	0	0	0.5832098	0	0.5868235
H3-16-all-fractions_metab_130.Bacteria_58_0	0	0	0	0	0	0	0	0	0	0	0	0	0	0	0	0	0	0	0	0	0	0	0	0
H1-18-all-fractions_metab_maxbC_65.Verrucomicrobia_60_17	0	0	0	0	0	0	0	0	0	0	0	0	0	0	0	0	0	0	0	0	0	0	0	0
H2-16-all-fractions_metab_conc_60.Proteobacteria_70_13	0	0	0	0	0	0	0	0	0	0	0	0	0	0	0	0	0	0	0	0	0	0	0	0
12C18O_168h_100_P08_coass_bin.24	0	0	0	0	0	0	0	0	0	0	0	0	0	0	0	0	0	0	0	0	0	0	0	0
H1-18-all-fractions_conc_96.Pseudonocardiales_70_16	0	0	0	0	0	0	0	0	0	0	0	0	0	0	0	0	0	0	0	0	0	0	0	0
12C18O_72h_100_P16_coass_bin.23	0	0	0	0	0	0	0	0	0	0	0	0	0	0	0	0	0	0	0	0	0	0	0	0
12C16O_48h_50_P13_coass_bin.27	0	0	0	0	0	0	0	0	0	0	0.7291009	0.9941634	0	0	0	0	0	0	0	0	0	0	0	0
H3-16-all-fractions_metab_147.Actinobacteria_71_0	0	0	0	0	0	0	0	0	0	0	0	0	0	0	0	0	0	0	0	0	0	0	0	0
H2-16-all-fractions_metab_56.Actinobacteria_73_59	0	0	0	0	0	0	0	0	0	0	0	0	0	0	0	0	0	0	0	0	0	0	0	0
H2-16-all-fractions_metab_conc_42.Caulobacterales_70_17	0	0	0	0	0	0	2.7143698	2.1090279	3.1631665	2.7929142	2.0603466	2.9512172	0	0	0	1.6569982	1.5059897	1.8527582	1.4683503	2.048694	2.618542	2.038353	1.5276104	1.8582138
12C16O_168h_50_P13_coass_bin.1	0	0	0	0	0	0	0	0	0	0	0	0	0	0	0	0	0	0	0	0	0	0	0	0
12C16O_0h_100_P16_coass_bin.12	0	0	0	0	0	0	0	0	0	0	0	0	0	0	0	0	0	0	0	0	0	0	0	0
H2-16-all-fractions_metab_114.Bacteria_70_8	1.3384722	2.1205149	1.4553823	1.4930531	1.3018094	1.9615085	1.6356986	2.0890334	1.7521325	1.7119261	1.3142581	2.2209527	1.5592679	1.5800701	2.0851688	1.4984764	1.9505714	1.475896	1.5186651	1.2765266	1.7581029	1.491054	1.9839584	1.5271126
H2-16-all-fractions_metab_conc_16.Bacteria_60_11	0	0	0	0	0	0	0.57693547	0	0	0	0	0	0	0	0	0	0	0	0	0	0	0	0	0
12C18O_24h_100_P14_coass_bin.5	0	0	0	0	0	0	0	0	0	0	0	0	0	0	0	0	0	0	0	0	0	0	0	0
H1-18-all-fractions_metab_conc_61.Actinobacteria_70_18	2.0716941	2.340101	1.8230839	1.798343	1.7049665	1.6994382	1.5330131	1.5415034	1.2064795	1.2112781	1.0875733	1.0923343	1.9996086	1.6491297	1.8946449	1.8191504	1.7184961	1.4342347	1.5386754	0	1.2142026	1.7450298	1.712792	1.4018916
12C16O_0h_50_unf_bin.17	0.64768904	0	0.73883516	0	1.4939674	1.6239623	0	0.95172715	0.65098274	0	0.91092014	1.0404751	0	0.6716905	0.9789104	0.6686485	1.0122249	0.7345612	0	0.9086413	0.97699565	0	0.94792366	0.6266137
12C16O_72h_100_P14_coass_bin.25	0	0	0	0	0	0	0	0	0	0	0	0	0	0	0	0	0	0	0	0	0	0	0	0
H3-18-all-fractions_metab_conc_37.Alphaproteobacteria_64_16	0	0	0	0	0	0	0	0	0	0	0	0	0	0	0	0	0	0	0	0	0	0	0	0
12C16O_48h_100_unf_bin.32	0	0	0	0	0	0	0	0	0	0	0	0	0	0	0	0	0	0	0	0	0	0	0	0
12C16O_168h_50_unf_bin.57	2.2301552	2.6064813	2.0153651	2.4633145	2.2554133	1.9540988	1.7265428	1.7027645	1.400025	1.6484753	1.6849931	1.3809607	1.9887315	1.6745191	1.9541038	1.9381298	1.9489838	1.5970305	1.8666482	1.8450164	1.4401584	1.8730226	1.7877163	1.6021888
12C16O_0h_50_P10_coass_bin.6	0	0	0.96976167	1.0402946	1.2437515	0	1.0478042	0.98500884	1.0025761	1.0583777	1.1386316	0.9794846	0	1.0208279	1.1508591	0	1.048819	1.0244768	1.015801	1.2083343	0	0	1.0512594	1.0488551
12C16O_168h_50_P10_coass_bin.11	0	0	0	0	0.9748927	1.0384672	1.0634458	1.1294569	1.0574076	0	1.7684205	1.5410596	0.9817251	0.911374	1.0202965	0.98968035	0.9568928	0.93333644	0	1.7482866	1.4378698	1.0281836	1.0701218	0.9310398
12C16O_168h_100_P16_coass_bin.12	0	0	0	0	0	0	0	0	0	0	0	0	0	0	0	0	0	0	0	0	0	0	0	0
12C16O_0h_50_P10_coass_bin.20	2.4455523	0	1.2757064	3.52116	1.9082769	0	1.5865561	0.7138198	1.1165924	2.470353	1.3817888	0	1.9484471	1.3026472	0.9661497	1.7123612	0.98068994	1.2656355	3.0558436	1.4850762	0	1.7132107	0.87271464	0.96549606
H1-16-all-fractions_metab_48.Actinobacteria_68_21	0	0	0	0	0	0	0	0	0	0	0	0	0	0	0	0	0	0	0	0	0	0	0	0
12C16O_0h_100_P08_coass_bin.13	3.381714	1.6675608	1.7679062	0.8777201	0.6659001	1.2119514	1.4288477	1.4768459	1.7336854	1.0202086	0	1.0456576	1.3681246	1.3041764	1.4840804	1.1138754	1.225142	1.0722502	0.8730007	0	0.829417	1.2009263	1.4057438	1.3271359
12C16O_24h_100_P14_coass_bin.5	0	0	0	0	0	0	0	0	0	0	0	0	0	0	0	0	0	0	0	0	0	0	0	0
12C16O_48h_50_P10_coass_bin.22	0	0	0	0	0	0	0	0	0	0	0	0	0	0	0	0	0	0	0	0	0	0	0	0
12C16O_72h_100_unf_bin.11	2.397297	6.9331174	3.6956787	2.062136	6.803223	13.042484	2.2533524	4.4882226	2.9118657	1.8564767	4.4700994	8.207203	2.5435288	3.4224424	5.4842143	2.368099	5.400024	3.1514783	2.0956144	5.8902636	10.537692	2.608863	5.5503616	3.7707093
12C18O_168h_100_P14_coass_bin.35	0	0	0	0	0	0	0	0	0	0	0	0	0	0	0	0	0	0	0	0	0	0	0	0
H3-16-all-fractions_metab_67.RIF_CHLX_70_0	1.4016781	1.2975436	1.2351738	1.6923662	0	1.0212508	1.3674113	0.9135198	1.1344906	1.6209288	0	0.88073874	1.3352561	1.1402496	0.9400028	1.242127	0.89863414	1.0013932	1.4362943	0	0.7065839	1.2130018	0.8993838	1.0743601
H2-16-all-fractions_metab_conc_100.Burkholderia_graminis_63_15	0	0	0	0	0	0	0	0	0	0	0	0	0	0	0	0	0	0	0	0	0	0	0	0
12C16O_0h_50_P09_coass_bin.13	3.4506054	5.245251	2.893106	4.1413746	3.5372748	5.4732804	3.5112624	4.8742437	3.2489772	4.7764716	3.2329931	4.9163084	4.282471	3.5969553	5.5785904	4.3439355	5.5543437	3.8139906	5.588725	4.1071362	5.8459187	4.323644	5.899418	3.7945619
H3-16-all-fractions_metab_conc_152.Gemmatimonadetes_60_0	0	0	0	0	0	0	0	0	0	0	0	0	0	0	0	0	0	0	0	0	0	0	0	0
12C16O_168h_100_unf_bin.5	0	0	0	0	0	0	0	0	0	0	0	0	0	0	0	0	0	0	0	0	0	0	0	0
12C16O_48h_50_P13_coass_bin.31	0	0	0	0	0	0	0	0	0	0	0	0	0	0	0	0	0	0	0	0	0	0	0	0
12C18O_24h_100_P14_coass_bin.33	0	0	0	0	0	0	0	0	0	0	0	0	0	0	0	0	0	0	0	0	0	0	0	0
H1-18-all-fractions_metab_conc_36.Alphaproteobacteria_64_14	0.919777	0	0.88668066	0.99884343	0	0	0.88437647	0	0	0.772141	0	0	1.0167944	0.8463796	0.93025047	0.9804007	0.8697328	0.84149027	0.9190336	0	0	0.910584	0.7861034	0.78843653
12C16O_48h_50_unf_bin.15	0	0	0	0	0	0	0	0	0	0	0	0	0	0	0	0	0	0	0	0	0	0	0	0
12C16O_72h_100_unf_bin.7	0	0	0	0	0	0	0	0	0	0	0	0	0	0	0	0	0	0	0	0	0	0	0	0
12C16O_72h_100_P08_coass_bin.23	0	0	0	0	0	0	0	0	0	0	0	0	0	0	0	0	0	0	0	0	0	0	0	0
12C18O_168h_100_P08_coass_bin.8	0	0	0	0	0	0	0	0	0	0	0	0	0	0	0	0	0	0	0	0	0	0	0	0
H1-18-all-fractions_metab_maxb_101.Bacteria_63_9	0.9073895	0	0.7274696	1.005745	0	0	0.8178307	0	0	0.82894033	0	0	1.012249	0.7947402	0.6483515	0.99148583	0.6702351	0.71268666	0.9908883	0	0	0.9076444	0.5944801	0.76188236
12C16O_72h_100_P14_coass_bin.33	0	0	0	0	0	0	0	0	0	0.7193531	0	0	0	0	0	0	0	0	0	0	0	0	0	0
H1-18-all-fractions_metab_conc_57.Acidobacteria_55_29	0	0	0	0	0	0	0	0	0	0	0	0	0	0	0	0	0	0	0	0	0	0	0	0
H3-16-all-fractions_conc_58.Chloroflexi_52_0	0	0	0	0	0	0	0	0	0	0	0	0	0	0	0	0	0	0	0	0	0	0	0	0
12C16O_48h_50_P09_coass_bin.18	0	0	0	0	0	0	0	0	0	0	0	0	0	0	0	0	0	0	0	0	0	0	0	0
12C16O_0h_50_P10_coass_bin.29	0.9993433	0	1.1228474	0.6715589	2.3087664	1.884308	1.2231871	1.2915007	1.5791668	0.99391085	2.4123113	2.0597594	1.2595786	1.2575068	1.4015588	1.401944	1.3196974	1.6420224	0.946361	2.775908	2.3192227	1.3733617	1.4416909	1.6315356
12C16O_48h_100_P08_coass_bin.17	0	0	0	0	0	0	0	0	0	0	0	0	0	0	0	0	0	0	0	0	0	0	0	0
12C16O_168h_50_P10_coass_bin.18	0	0	0	0	0	0	0	0	0	0	0	0	0	0	0	0	0	0	0	0	0	0	0	0
12C16O_168h_100_P14_coass_bin.7	1.0914406	0	1.0346795	1.0205768	1.2024122	0.9962427	0	0	0	0.7160784	0.8085083	0	1.1921631	1.0318967	0	1.0918078	0.8685878	0.9439261	0.9117183	1.0358037	0	1.0351181	0.82473284	0.91717446
12C16O_72h_100_unf_bin.18	0	0	0	0	0	0	0	0	0	0	0	0	0	0	0	0	0	0	0	0	0	0	0	0
12C18O_168h_50_P13_coass_bin.25	0	0	0	0	0	0	0	0	0	0	0	0	0	0	0	0	0	0	0	0	0	0	0	0
H2-16-all-fractions_metab_63.Actinobacteria_69_71	1.8398322	2.392118	1.7578231	2.248124	0	1.9025773	1.3680395	1.5824268	0	1.3633176	0	1.0896436	1.5977021	1.4459252	1.8247874	1.4254265	1.7185566	1.2313772	1.5013793	0	1.2231797	1.4636915	1.6374774	1.3166921
H1-18-all-fractions_conc_55.Burkholderiales_64_14	0	0	0	0	0	0	0	0	0	0	0	0	0	0	0	0	0	0	0	0	0	0	0	0
H2-18-all-fractions_metab_conc_45.Bacteria_60_9	0	0	0	0	0	0	0	0	0	0	0	0	0	0	0	0	0	0	0	0	0	0	0	0
12C16O_24h_100_P16_coass_bin.13	0	0	0	0	0	0	0	0	0	0	0	0	0	4.393494	0	0	0	0	0	0	0	0	0	0
12C18O_72h_100_P16_coass_bin.2	0	0	0	0	0	0	0	0	0	0	0	0	0	0	0	0	0	0	0	0	0	0	0	0
12C18O_168h_100_P16_coass_bin.14	0	0	0	0	0	0	0	0	0	0	0	0	0	0	0	0	0	0	0	0	0	0	0	0
12C18O_72h_100_P08_coass_bin.13	0	0	0	0	0	0	0	0	0	0	0	0	0	0	0	0	0	0	0	0	0	0	0	0
12C16O_168h_50_P13_coass_bin.24	0	0	0	0	0	0	0	0	0	0	0	0	0	0	0	0	0	0	0	0	0	0	0	0
H3-18-all-fractions_metab_conc_20.Propionibacteriales_70_14	0	0	0	0	0	0	0	0	0	0	0	0	0	0	0	0	0	0	0	0	0	0	0	0
12C16O_48h_50_unf_bin.43	0	0	0	0	0	0	0	0	0	0	0	0	0	0	0	0	0	0	0	0	0	0	0	0
H1-16-all-fractions_metab_conc_94.Propionibacteriales_69_21	0	0	0	0	0	0	0	0	0	0	0	0	0	0	0	0	0	0	0	0	0	0	0	0
12C16O_24h_100_unf_bin.34	0	0	0	0	0	0	0	0	0	0	0	0	0	0	0	0	0	0	0	0	0	0	0	0
12C18O_48h_100_P16_coass_bin.16	0	0	0	0	0	0	0	0	0	0	0	0	0	0	0	0	0	0	0	0	0	0	0	0
H3-16-all-fractions_metab_140.Gemmatimonadetes_61_0	0	0	0	0	0	0	0	0	0	0	0	0	0	0	0	0	0	0	0	0	0	0	0	0
12C16O_0h_100_P08_coass_bin.9	1.2194333	0	1.0295343	1.3305438	0.8300724	0.9029803	1.0893266	0.75186735	0.8587663	0.96306664	0.6740376	0.7529845	1.291556	1.0026841	0.9281752	1.2272795	0.9925553	0.9587587	1.1158388	0	0.7507687	1.1525451	0.80427504	0.8895686
12C18O_72h_100_P14_coass_bin.5	0	0	0	0	0	0	0	0	0	0	0	0	0	0	0	0	0	0	0	0	0	0	0	0
H1-16-all-fractions_metab_conc_42.Ktedonobacter_racemifer_53_14	0	0	0	0	0	0	0	0	0	0	0	0	0	0	0	0	0	0	0	0	0	0	0	0
12C18O_168h_100_P08_coass_bin.1	0	0	0	0	0	0	0	0	0	0	0	0	0	0	0	0	0	0	0	0	0	0	0	0
H2-18-all-fractions_metab_conc_82.Actinobacteria_69_16	0	0	0	0	0	0	0	0	0	0	0	0	0	0	0	0	0	0	0	0	0	0	0	0
H2-16-all-fractions_metab_conc_1.Acidobacteriales_58_9	0	0	0	0	0	0	0	0	0	0	0	0	0	0	0	0	0	0	0	0	0	0	0	0
H3-18-all-fractions_metab_conc_6.Bacteria_64_56	0.76801157	0	0	0.66081786	0	0	1.7271501	0	0.7640006	1.4066508	0.82819945	0	1.5202932	0	0	1.4008722	0	0	1.0851892	0	0.6582792	1.3096972	0	0
H3-16-all-fractions_metab_76.Alphaproteobacteria_69_0	1.4978667	1.59035	1.2852713	1.2249433	1.3505847	1.6645019	1.4740239	1.3747133	1.3035613	1.2938637	1.2203509	1.551383	1.871729	1.4477733	1.5746824	1.7795082	1.4328803	1.36811	1.4398087	1.4556309	1.6604381	1.6454476	1.493137	1.3085905
12C16O_72h_100_P16_coass_bin.3	0	0	0	0	0	0	0	0	0	0	0	0	0	0	0	0	0	0	0	0	0	0	0	0
12C16O_48h_50_P10_coass_bin.13	0	0	0	0	0	0	0	0	0	0	0	0	0	0	0	0	0	0	0	0	0	0	0	0
12C16O_48h_50_unf_bin.33	0	0	0	0	0	0	0	0	0	0	0	0	0	0	0	0	0	0	0.55874825	0	0	0	0	0
12C16O_24h_100_P08_coass_bin.12	4.9900675	4.6392884	3.6029139	4.6236577	4.304721	3.7586114	4.2142878	3.1068609	2.923918	3.5288384	2.929121	2.6421144	4.8398495	3.213223	3.7739584	4.39997	3.3086379	2.7944002	3.7540467	3.1738098	2.5455275	4.233903	3.428239	3.0433192
H1-18-all-fractions_conc_125.Pseudonocardiales_71_10	0	0	0	0	0	0	0	0	0	0	0	0	0	0	0	0	0	0	0	0	0	0	0	0
H3-16-all-fractions_metab_conc_126.Actinobacteria_70_0	3.5533962	3.455083	3.6166298	4.5277596	2.9303946	2.7714257	1.3623525	1.9332165	1.2936883	1.4754909	1.3075655	1.4891338	2.1151903	1.8329498	2.7148087	1.7468513	2.5616474	1.6322349	1.9966066	1.5564672	1.6474024	1.7703874	2.2119281	1.8246523
12C16O_168h_100_P14_coass_bin.32	2.8127122	2.2741022	1.9907302	2.8496838	1.3809195	1.6807504	2.049854	1.5142981	1.3275964	1.744467	0.9568777	1.123603	2.463167	1.7298485	1.734082	2.3141687	1.6804644	1.4953437	2.1249404	1.1157457	1.2426671	2.234725	1.5469449	1.5401912
12C18O_168h_100_P14_coass_bin.7	0	0	0	0	0	0	0	0	0	0	0	0	0	0	0	0	0	0	0	0	0	0	0	0
12C16O_72h_100_P08_coass_bin.2	0	0	0	0	1.3440325	0	0	0	0	0	1.251243	1.0606507	1.0042603	0	0	1.0816298	0	0	0	1.5319506	1.1495963	1.0679339	0	0
12C16O_72h_100_P16_coass_bin.2	0	0	0	0	0	0	0	0	0	0	0	0	0	0	0	0	0	0	0	0	0	0	0	0
12C18O_168h_50_P10_coass_bin.6	2.206091	3.0908444	3.0427904	1.533851	4.8713517	5.5479555	1.6166384	2.4101782	2.091089	1.0588347	3.2640293	3.7476578	1.9948268	2.4589555	2.818719	1.8151444	2.6074905	2.1610115	1.2393583	4.049556	4.3423386	1.8476857	2.7185643	2.3602695
12C16O_48h_50_P13_coass_bin.16	0	0	0	0	0	0	0	0	0	0	0	0	0	0	0	0	0	0	0	0	0	0	0	0
12C16O_24h_100_P16_coass_bin.12	0	0	0	0	0	0	0	0	0	0	0	0	0	0	0	0	0	0	0	0	0	0	0	0
12C18O_72h_100_P16_coass_bin.3	0	0	0	0	0	0	0	0	0	0	0	0	0	0	0	0	0	0	0	0	0	0	0	0
12C16O_72h_100_P14_coass_bin.14	0	0	0	0	0	0	0	0	0	0	0	0	0	0	0	0	0	0	0	0	0	0	0	0
12C16O_168h_100_unf_bin.17	0	0	0	0	0	0	0	0	0	0	0	0	0	0	0	0	0	0	0	0	0	0	0	0
12C16O_24h_100_unf_bin.35	0	0	0	0	0	0	0	0	0	0	0	0	0	0	0	0	0	0	0	0	0	0	0	0
H3-16-all-fractions_metab_conc_98.Alphaproteobacteria_63_0	1.113394	0	0.995094	1.2865713	0	0.8314915	0.94392806	0.7423056	0.7800427	0.93452585	0	0	1.1639931	0.94192386	0.9214679	1.0819862	0.88738817	0.92183393	1.0615071	0	0.6237452	1.044422	0.84317046	0.9017365
H1-16-all-fractions_metab_conc_6.Bacteria_69_19	0.7570062	1.4764138	0.8461617	1.0861034	0	0	0	1.2777803	0	0.9221251	0	0	0	0	1.223392	0	1.218708	0	0.7897385	0	0	0	1.1656082	0
12C18O_168h_50_P13_coass_bin.24	1.9264978	2.9531965	2.9413633	1.7127284	2.6960318	3.0096295	1.7708042	2.1977684	2.2010403	1.263622	2.4062421	2.3815262	1.9058665	2.4655886	2.5184145	1.942651	2.5965903	2.510637	1.4813929	2.745313	2.6761787	1.7886981	2.048933	2.4134908
12C16O_168h_50_P10_coass_bin.36	0	0	0	0	0	0	2.42185	2.4894247	3.5166068	2.518953	2.111281	2.4485493	0	0	0	0	1.5463638	1.5323373	1.2266973	2.0015495	1.6659272	1.5418404	1.67703	1.7762524
12C16O_168h_50_P13_coass_bin.8	3.8867218	4.0631685	3.0666676	4.67599	2.5430312	2.5702019	2.049681	1.8704183	1.6323463	2.6704688	1.4034536	1.52588	2.6620119	1.9915272	2.2634394	2.565808	2.4402907	1.8824704	3.235169	1.8624012	1.740329	2.4629004	1.9538008	2.1194549
H1-18-all-fractions_metab_conc_62.Sphingomonadales_68_16	0	0	0	0	0	0	0	0	0	0	0	0	0	0	0	0	0	0	0	0	0	0	0	0
12C16O_24h_100_unf_bin.22	0	0	0	0	0	0	0	0	0	0	0	0	0	0	0	0	0	0	0	0	0	0	0	0
H2-18-all-fractions_metab_91.Actinobacteria_71_22	2.010609	2.8249416	1.8895936	2.4029694	0	1.8073457	1.4849831	1.72928	1.1787022	1.4425374	0	1.0515661	1.732345	1.561107	1.9503322	1.5362092	1.8393997	1.3063586	1.6152582	0	1.1822085	1.5862565	1.7615532	1.4252563
H2-16-all-fractions_metab_conc_62.Propionibacteriales_70_25	0	0	0	0	0	0	0	0	0	0	0	0	0	0	0	0	0	0	0	0	0	0	0	0
H2-16-all-fractions_metab_conc_47.Alphaproteobacteria_65_18	0	0	0	0	0	0	0	0	0	0	0	0	0	0	0	0	0	0	0	0	0	0	0	0
12C16O_48h_100_unf_bin.14	1.3843229	0.9918422	1.3559585	1.4097384	2.01716	1.5135659	1.1444154	1.2289549	1.0650095	1.0998067	1.3468442	0.9549056	1.4390738	1.2800796	1.5406048	1.699276	1.8991326	1.5189985	1.3949587	1.7701246	1.1647633	1.3510008	1.5289373	1.281389
H1-18-all-fractions_maxb_99.Actinobacteria_69_12	0	0	0	0	0	0	0	0	0	0	0	0	0	0	0	0	0	0	0	0	0	0	0	0
H2-16-all-fractions_metab_57.Sphingomonadales_64_21	0	0	0	0	0	0	0	0	0	1.6462511	0	0	0	0	0	0	0	0	0	0	0	0	0	0
H1-18-all-fractions_metab_conc_56.Chloroflexi_54_13	0	0	0	0	0	0	0	0	0	0	0	0	0	0	0	0	0	0	0	0	0	0	0	0
H2-16-all-fractions_metab_conc_97.Actinobacteria_72_48	4.0851116	3.774116	2.5675833	3.961475	2.6161265	2.5149326	2.1926813	1.7091625	0	1.9953054	0	0	3.072277	1.9202816	2.1846244	2.70038	2.2165375	0	2.6257343	0	0	2.6871781	1.8827076	1.7275443
12C16O_168h_100_P08_coass_bin.1	0	0	0	0	0	0	0	0	0	0	0.87317836	0	0	0	0	0	0	0	0	0	0.8824884	0	0	0
12C16O_168h_50_P10_coass_bin.19	0	0	0	0	0	0	1.3454945	1.5287207	2.636271	0.7585758	2.6301332	3.300733	0	0.7174701	0.72168684	0.7376185	0.8289992	1.1712611	0	2.4065657	2.5570848	0.84732485	0.98071325	1.3041626
H1-18-all-fractions_conc_32.Gemmatimonadetes_61_9	0	0	0	0	0	0	0	0	0	0	0	0	0	0	0	0	0	0	0	0	0	0	0	0
12C16O_168h_50_P09_coass_bin.6	0	0	0	0	0	0	0	0	0	0	0	0	0	0	0	0	0	0	0	0	0	0	0	0
12C16O_0h_50_P10_coass_bin.28	0.6632966	0	0.7173948	0	1.408736	1.3106385	0	0.72586894	0	0	1.0422866	1.0347778	0	0	0	0	0	0	0	0.9594908	0.8587496	0	0.65451396	0
12C18O_168h_50_P13_coass_bin.9	0	0	0	0	0	0	0	0	0	0	0	0	0	0	0	0	0	0	0	0	0	0	0	0
H3-18-all-fractions_metab_conc_14.Acidobacteria_55_25	0	0	0	0	0	0	0	0	0	0	0	0	0	0	0	0	0	0	0	0	0	0	0	0
H1-18-all-fractions_metab_conc_37.Gemmatimonadetes_69_16	1.1941122	1.6299281	1.2923416	0.8803285	1.6079558	1.7914919	4.038172	4.0805216	4.5789256	3.6117318	4.4699364	4.5891604	3.0550578	3.0538633	3.2447326	3.2275927	3.3450096	3.3796434	2.7434435	4.2458386	3.6002047	3.5523524	3.6569111	3.4657326
H2-16-all-fractions_metab_conc_19.Actinobacteria_69_35	2.9266322	2.862214	2.0575538	3.3374119	1.4704628	2.0480783	2.111409	1.8622273	1.3619004	2.0237007	0.9802365	1.2723519	2.5846694	1.7015867	2.1034315	2.4393392	2.1043236	1.5111686	2.4519334	0	1.4069238	2.4357615	1.9449507	1.5810072
12C18O_72h_100_P14_coass_bin.17	0	0	0	0	0	0	0	0	0	0	0	0	0	0	0	0	0	0	0	0	0	0	0	0
12C16O_72h_100_unf_bin.44	0	0	0	0	0	0	0	0	0	0	0	0	0	0	0	0	0	0	0	0	0	0	0	0
H3-16-all-fractions_metab_conc_78.Burkholderia_graminis_63_0	0	0	0	0	0	0	0	0	0	0	0	0	0	0	0	0	0	0	0	0	0	0	0	0
12C18O_168h_50_P09_coass_bin.11	0	0	0	1.2787322	0	0	0	0	0	0.9001262	0	0	0	0	0	0	0	0	1.1187167	0	0	0	0	0
H1-16-all-fractions_metab_conc_2.Bradyrhizobium_62_16	1.7485465	1.8689657	1.9360152	1.7901998	1.9080421	3.224155	2.3010616	2.656829	2.4964347	2.092922	1.931956	3.4205058	2.1505501	2.045008	2.4257858	2.1922994	2.3949745	2.1232202	1.9598339	2.1927612	3.303993	2.3015552	2.4369867	1.9537556
H1-18-all-fractions_conc_24.Gemmatimonadetes_68_16	0	0	0	0	0	0	0	0	0	0	0	0	0	0	0	0	0	0	0	0	0	0	0	0
H1-18-all-fractions_metab_conc_23.RIF_CHLX_70_21	0	0	0	0	0	0	0	0	0	0	0	0	0	0	0	0	0	0	0	0	0	0	0	0
12C18O_72h_100_P08_coass_bin.28	0	0	0	0	0	0	0	0	0	0	0	0	0	0	0	0	0	0	0	0	0	0	0	0
12C16O_168h_100_P14_coass_bin.4	0	0	0	0	0	0	0	0	0	0	0	0	0	0	0	0	0	0	0	0	0	0	0	0
12C16O_168h_100_P16_coass_bin.18	0	0	0	0	0.83663	0	0	0	0	0	0.86822927	0	0	0	0	0	0	0	0	0	0.8707285	0	0	0
H3-18-all-fractions_metab_conc_30.Actinobacteria_69_22	1.0945076	0	0	1.2149915	0	0	0	0	0	0	0	0	0	0	0	0	0	0	0.8537924	0	0	0	0	0
12C16O_24h_100_unf_bin.50	1.5342875	1.7998694	1.4028476	1.7474864	1.5360421	0	0	1.2028996	0	1.0513586	1.013699	0	1.4684824	1.2505752	1.4467971	1.3069818	1.3327771	0	1.2956429	0	0	1.2781439	1.2295529	0
12C18O_24h_100_P08_coass_bin.11	0	0	0	0	0	0	0	0	0	0	0	0	0	0	0	0	0	0	0	0	0	0	0	0
12C18O_24h_100_P14_coass_bin.16	0	0	0	0	0	0	0	0	0	0	0	0	0	0	0	0	0	0	0	0	0	0	0	0
12C18O_48h_100_P08_coass_bin.15	0	0	0	0	0	0	0	0	0	0	0	0	0	0	0	0	0	0	0	0	0	0	0	0
12C16O_72h_100_P08_coass_bin.29	0	0	0	0	0	0	0.8583513	0	0.92252487	1.1115092	0	0	0	0	0	0	0	0	0	0	0	0	0	0
12C16O_48h_50_P10_coass_bin.10	0	0	0	0	0	0	0	0	1.0038401	0	0.9038618	1.1543597	0	0	0	0	0	0	0	0	0.86367184	0	0	0
12C16O_24h_100_unf_bin.47	3.5531766	2.0081687	2.6706748	3.8552742	2.3255587	3.5886536	3.773147	3.6071615	2.7806458	3.590628	2.0610209	3.1650825	4.569064	3.0681112	4.5429626	4.252594	4.0616627	2.9437413	4.0336394	2.530003	3.4514544	3.9323518	3.8910217	2.6444776
12C16O_48h_100_P08_coass_bin.8	1.1586808	0	0.8697498	0	1.9322944	1.5404891	1.2212461	1.064243	0.95338243	0	1.8239477	1.4612776	1.4601246	1.0818822	1.038941	1.5736835	1.0278522	1.0506405	0.92977333	2.2392762	1.5730233	1.5607437	1.1506419	1.0837197
H2-16-all-fractions_metab_conc_25.Burkholderiales_70_14	1.5348177	1.855575	1.8644456	1.448751	1.9542184	2.7193346	3.3960328	2.6238062	3.9429216	3.1034105	3.032523	4.037612	2.2366526	2.643117	1.9848535	2.774137	2.0310373	3.0559423	2.4872715	3.2946968	3.7585738	3.0542078	2.2231429	2.9189124
12C16O_24h_100_unf_bin.18	1.5990386	1.146706	1.4656863	1.6092619	2.1675377	1.6418887	1.3269886	1.3713646	1.1728514	1.260932	1.4569739	1.0694293	1.946829	1.7508354	2.119924	1.633309	1.7010467	1.3429714	1.6072098	1.957055	1.2752515	1.5158372	1.680012	1.44501
12C18O_168h_100_P08_coass_bin.2	0	0	0	0	0	0	0	0	0	0	0	0	0	0	0	0	0	0	0	0	0	0	0	0
12C16O_48h_100_P14_coass_bin.13	0	0	0	0	0	0	0	0	0	0	0	0	0	0	0	0	0	0	0	0	0	0	0	0
H2-16-all-fractions_maxb_conc_24.Ktedonobacter_racemifer_50_14	0	0	0	0	0	0	0	0	0	0	0	0	0	0	0	0	0	0	0	0	0	0	0	0
12C18O_72h_100_P16_coass_bin.10	0	0	0	0	0	0	0	0	0	0	0	0	0	0	0	0	0	0	0	0	0	0	0	0
H3-18-all-fractions_metab_conc_21.Bacteria_57_12	0	0	0	0	0	0	0	0	0	0	0	0	0	0	0	0	0	0	0	0	0	0	0	0
12C18O_24h_100_P08_coass_bin.29	0	0	0	0	1.3488728	0	0	0	0	0	1.2547221	0	0	0	0	0	0	0	0	1.5180644	1.2649999	0	0	0
H2-16-all-fractions_metab_12.Bacteria_57_7	0	0	0	0	0	0	0	0	0	0	0	0	0	0	0	0	0	0	0	0	0	0	0	0
H2-18-all-fractions_metab_conc_62.Actinobacteria_69_13	0	0	0	0	0	0	0	0	0	0	0	0	0	0	0	0	0	0	0	0	0	0	0	0
H3-16-all-fractions_metab_conc_113.RIFCSPLOWO2_12_FULL_Bacteroidetes_35_15_curated_45_0	0	0	0	0	0	0	0	0	0	0	0	0	0	0	0	0	0	0	0	0	0	0	0	0
H1-18-all-fractions_metab_85.Ktedonobacter_racemifer_51_8	0	0	0	0	0	0	0	0	0	0	0	0	0	0	0	0	0	0	0	0	0	0	0	0
12C16O_48h_50_unf_bin.40	2.2206175	3.1652107	2.4297988	1.82458	2.8458316	3.2627783	2.5760193	2.8805473	3.3054101	2.4777367	2.7664692	3.4484394	3.3123527	3.5532014	3.5045912	3.3158147	3.3301144	3.818422	2.9827998	3.9178834	4.3634458	3.2288742	3.4297786	3.2989228
12C18O_24h_100_P08_coass_bin.28	0	0	0	0	0	0	0	0	0	0	0	0	0	0	0	0	0	0	0	0	0	0	0	0
12C16O_0h_50_unf_bin.25	6.1041985	4.6180625	4.292172	6.913275	2.9115613	3.564402	4.4520435	3.1563585	2.7498987	3.795721	1.8945367	2.1284666	5.419018	3.6853588	3.5631912	5.0099816	3.400683	3.1039767	4.6717124	2.1310334	2.3902795	4.8084416	3.138073	3.3040335
12C16O_48h_50_unf_bin.41	2.6603992	3.79564	3.1128829	2.4415555	4.0152383	3.7824857	2.1189477	2.548443	2.2654567	1.8020307	2.7228236	2.6142313	2.5209062	2.7736096	2.9309978	2.3619876	2.7166388	2.4182882	2.0119305	3.0525153	2.7408936	2.30979	2.7964115	2.5101144
12C16O_168h_50_P10_coass_bin.4	0	0	0	0	0	0	0	0	0	0	0.525504	0	0	0	0	0	0	0	0	0	0	0	0	0
12C16O_0h_50_P10_coass_bin.13	0	0	0	0	0	0	0	0	0	0	0.8883421	0	0	0.6835801	0.81885916	0	0.8082261	0.6207441	0	1.3591666	0	0	0.5907177	0
H2-16-all-fractions_metab_conc_77.Actinobacteria_71_48	6.880139	7.4535575	6.4159226	7.6974373	6.16023	5.4952326	3.3890975	3.2011817	2.8339915	3.247338	3.06148	2.7397485	4.6474204	3.9082766	4.130105	4.3191833	4.385098	3.3436286	4.3106837	3.8896737	3.3366437	4.1432643	3.544345	3.750822
12C18O_24h_100_P16_coass_bin.28	0	0	0	0	0	0	0	0	0	0	0	0	0	0	0	0	0	0	0	0	0	0	0	0
12C18O_168h_100_P14_coass_bin.4	0	0	0	0	0	0	0	0	0	0	0	0	0	0	0	0	0	0	0	0	0	0	0	0
12C16O_72h_100_P08_coass_bin.1	0	0	0	0	0	0	0	0	0	0	0	0	0	0	0	0	0	0	0	0	0	0	0	0
12C18O_24h_100_P14_coass_bin.17	0	0	0	0	0	0	0	0	0	0	0	0	0	0	0	0	0	0	0	0	0	0	0	0
12C16O_48h_100_unf_Bacillus_40_8	0	0	0	0	0	0	0	0	0	0	0	0	1.021967	0.97956	0	1.215478	0	1.614373	0.72250783	0	0	0	0.61782044	0.8425648
H3-18-all-fractions_metab_maxbC_50.Actinobacteria_69_9	0	0	0	0	0	0	0	0	0	0	0	0	0	0	0	0	0	0	0	0	0	0	0	0
12C16O_48h_100_unf_bin.4	0	0	0	0	0	0	0	0	0	0	0	0	0	0	0	0	0	0	0	0	0	0	0	0
H2-18-all-fractions_metab_84.Actinobacteria_68_115	0	0	0	0	0	0	0	0	0	0	0	0	0	0	0	0	0	0	0	0	0	0	0	0
12C16O_0h_100_P08_coass_bin.20	0.5893849	0	0	0.82748866	0	0	0.8147383	0	0.6662639	0.954921	0	0	0.9731741	0.64628	0	0.7926558	0	0.7896948	0.93283427	0	0	0.6591648	0	0
12C16O_24h_100_P08_coass_bin.11	1.5719107	2.1349034	1.5704085	1.8227837	1.9887604	2.1369812	0	1.3325571	0	1.0233843	1.246195	1.3105125	0	1.2285933	1.5114168	0	1.4388552	0	1.168703	1.4618522	1.5444897	1.1524467	1.3940407	1.1444191
H3-16-all-fractions_metab_155.Actinobacteria_71_0	1.4876477	0	1.0592958	1.881882	0	0	0	0	0	0	0	0	0	0	0	0	0	0	0.96043396	0	0	0	0	0
12C16O_168h_100_P14_coass_bin.5	0	0	0	0	0	0	0	0	0	0	0.7603317	0	0	0.7581045	0.7598135	0	0.7679766	0.69811285	0	1.0438316	0	0	0	0
H3-18-all-fractions_conc_15.Actinobacteria_69_13	0	0	0	0	0	0	0	0	0	0	0	0	0	0	0	0	0	0	0	0	0	0	0	0
H1-18-all-fractions_metab_conc_105.Acidobacteria_57_8	0	0	0	0	0	0	0	0	0	0	0	0	0	0	0	0	0	0	0	0	0	0	0	0
12C18O_24h_100_P08_coass_bin.10	0	0	0	0	0	0	0	0	0	0	0	0	0	0	0	0	0	0	0	0	0	0	0	0
H1-18-all-fractions_metab_conc_2.Burkholderia_graminis_63_9	0	0	0	0	0	0	0	0	0	0	0	0	0	0	0	0	0	0	0	0	0	0	0	0
12C16O_0h_100_P08_coass_bin.18	4.178663	4.36997	3.1276655	4.820182	2.598922	3.0675335	2.873118	2.4759505	1.909552	2.886126	1.5929042	1.8464363	3.8552175	2.6001806	3.2712727	3.4848735	2.967179	2.2140772	3.5285785	2.0063798	1.9817915	3.312284	2.7893786	2.2795718
H3-16-all-fractions_metab_conc_90.Bacteria_60_0	0	0	0	0	0	0	0	0	0	0	0	0	0	0	0	0	0	0	0	0	0	0	0	0
12C16O_0h_100_unf_bin.7	0	0	0	0	0	0	0	0	0	0	0	0	0	0	0	0	0	0	0	0	0	0	0	0
H3-18-all-fractions_metab_conc_55.Sphingomonadales_70_13	0	0	0	0	0	0	0	0	0	0	0	0	0	0	0	0	0	0	0	0	0	0	0	0
12C18O_24h_100_P16_coass_bin.10	0	0	0	0	0	0	0	0	0	0	0	0	0	0	0	0	0	0	0	0	0	0	0	0
12C16O_48h_50_P10_coass_bin.29	0	0	0	0	1.22505	0	1.6724038	1.9054534	1.1165882	1.6956981	4.6835456	1.8148607	0	0	1.061897	0	1.2882031	0.9931323	1.0877932	4.3436613	1.3850431	1.1883097	1.2755193	0
12C16O_72h_100_P08_coass_bin.10	0	0	0	0	0	0	0	0	0	0	0	0	0	0	0	0	0	0	0	0	0	0	0	0
12C16O_72h_100_unf_bin.45	0	0	0	0	0	0	0	0	0	0	0	0	0	0	0	0	0	0	0	0	0	0	0	0
12C16O_24h_100_unf_bin.42	0	0	0	0	0	0	0	0	0	0	0	0	0	0	0	0	0	0	0	0	0	0	0	0
12C18O_168h_100_P16_coass_bin.7	0	0	0	0	0	0	0	0	0	0	0	0	0	0	0	0	0	0	0	0	0	0	0	0
12C18O_168h_100_P08_coass_bin.7	0	0	0	0	0	0	0	0	0	0	0	0	0	0	0	0	0	0	0	0	0	0	0	0
12C16O_24h_100_P08_coass_bin.15	0	0	0	0	0	0	0	0	0	0	0	0	0	0	0	0	0	0	0	0	0	0	0	0
H1-18-all-fractions_conc_118.Deltaproteobacteria_70_14	0	0	0	0	0	0	0	0	0	0	0	0	0	0	0	0	0	0	0	0	0	0	0	0
12C16O_48h_50_P13_coass_bin.11	0	0	0	0	0	0	0	0	0	0	0	0	0	0	0	0	0	0	0	0	0	0	0	0
12C16O_72h_100_P16_coass_bin.5	1.110108	1.9471704	2.4804776	0	1.2680376	1.5530242	1.192275	2.6228988	2.1296315	0	1.1761599	1.8108388	1.3765416	2.085432	2.3096814	1.0121161	1.9245949	2.3409197	0	1.3621881	1.4672195	1.3157429	1.9886774	3.2376335
12C16O_168h_50_unf_bin.10	1.6263906	1.302757	1.6406403	1.706091	2.8229609	2.0238726	1.3319039	1.5979271	1.3086594	1.5186464	2.309636	1.6251525	1.706602	1.5585454	2.0427556	1.687571	2.002374	1.508766	1.6713214	2.5366547	1.5954126	1.5746073	1.9796829	1.5363687
12C16O_168h_50_P09_coass_bin.15	0	0	0	0	0	0	0	0	0	0	0	0	0	0	0	0	0	0	0	0	0	0	0	0
12C18O_24h_100_P14_coass_bin.13	0	0	0	0	0	0	0	0	0	0	0	0	0	0	0	0	0	0	0	0	0	0	0	0
12C18O_48h_100_P08_coass_bin.10	0	0	0	0	0	0	0	0	0	0	0	0	0	0	0	0	0	0	0	0	0	0	0	0
12C18O_72h_100_P08_coass_bin.4	0	0	0	0	0	0	0	0	0	0	0.8068257	0	0	0	0	0	0	0	0	0	0	0	0	0
H1-18-all-fractions_metab_69.Sphingomonadales_65_37	0	0	0	0	0	0	3.141028	2.6279218	3.849411	3.8616335	1.5925757	3.0486937	0	1.2281458	1.2544457	1.6251558	1.6400281	1.9793965	1.9349623	1.6019372	2.1962187	2.1292524	1.7838612	2.1398222
H3-16-all-fractions_conc_3.Actinobacteria_70_0	0	0	0	0	0	0	0	0	0	0	0	0	0	0	0	0	0	0	0	0	0	0	0	0
12C16O_48h_50_unf_bin.45	0	0	0	0	0	0	0	0	0	0	0	0	0	0	0	0	0	0	0	0	0	0	0	0
12C16O_24h_100_unf_bin.32	0	0	0	0	0	0	0	0	0	0	0	0	0	0	0	0	0	0	0	0	0	0	0	0
H1-18-all-fractions_metab_8.Bdellovibrionales_52_9	0	0	0	0	0	0	0	0	0	0	0	0	0	0	0	0	0	0	0	0	0	0	0	0
12C18O_48h_100_P08_coass_bin.28	0	0	0	0	0	0	0	0	0.79142326	0	0.5924833	0	0	0.8373277	0	0	0	0	0	0	0	0	0	0.61366874
12C16O_168h_50_P10_coass_bin.31	7.5191	7.2223306	5.7050767	9.196921	4.436927	4.344668	3.6997082	3.2508388	2.9110565	5.1493087	2.3462996	2.4723623	4.82134	3.5188985	3.9365518	4.74447	4.3608317	3.2890337	6.30324	3.0676742	2.8920975	4.5592637	3.3621085	3.8489542
H2-16-all-fractions_metab_conc_5.Streptomyces_sviceus_71_22	1.8725792	2.7444062	2.5881565	1.7527535	1.8922815	2.7153177	2.2000074	2.0937319	3.5363526	1.928065	2.1542904	2.8690171	1.8292189	2.0437217	1.6984274	1.9267011	1.8583158	2.058327	1.5052893	1.6265837	2.0210586	1.7447109	1.8556079	2.3000045
12C16O_168h_50_unf_bin.28	0	0	0	0	0	0	0	0	0	0	0	0	0	0	0	0	0	0	0	0	0	0	0	0
H1-16-all-fractions_metab_conc_57.Solirubrobacterales_72_43	3.16392	2.449704	2.3032293	3.3252704	1.9774166	1.8316529	2.013086	1.3354728	1.3392092	1.8730276	1.1517096	0	2.7696981	1.7921003	1.7109693	2.5501535	1.701031	1.5756633	2.4274611	1.495898	1.2632537	2.449569	1.5057055	1.6900711
H1-18-all-fractions_metab_maxbC_21.Verrucomicrobia_59_13	0	0	0	0	0	0	0	0	0	0	0	0	0	0	0	0	0	0	0	0	0	0	0	0
H3-16-all-fractions_metab_conc_13.Lysobacter_68_0	0	0	0	0	0	0	0.8603789	2.2455008	2.0775154	1.0869714	0.9815108	4.2538843	0	0	0	0	0.696319	0	0	0	2.077021	0	1.1200298	0.88493675
12C16O_168h_100_P16_coass_bin.6	0	0	0	0	0	0	0	0	0	0	0.7238447	0	0	0.8260553	0.75406486	0	0.7561162	0.754688	0	0.91892725	0	0	0.61125284	0.66044927
H1-18-all-fractions_metab_conc_86.Conexibacter_woesei_72_14	2.5791254	3.7372944	2.52993	0	3.338548	3.5104542	0	0	0	0	2.0553014	2.3914156	0	2.1662128	0	0	2.3872695	0	0	2.5830438	2.6755674	0	0	0
H3-16-all-fractions_metab_conc_30.Propionibacteriales_71_0	0	0	0	0	0	0	0	0	0	0	0	0	0	0	0	0	0	0	0	0	0	0	0	0
12C18O_168h_50_P09_coass_bin.14	0	0	0	0	0	0	0	0	0	0	0	0	0	0	0	0	0	0	0	0	0	0	0	0
12C16O_24h_100_P14_coass_bin.12	1.3360813	1.7915587	1.4228988	0	0	0	1.0839455	1.2862128	1.1646779	0	0.67348135	0	1.4955859	1.5163146	1.4503331	1.4883937	1.3670355	1.3519983	0.73782057	0	0	1.4210094	1.4334503	1.3011662
H1-16-all-fractions_metab_conc_37.Actinobacteria_70_13	1.0166534	1.364408	0.8869451	1.1326951	0	1.2673877	0	0.8413877	0	0.73452383	0	0.79639983	0.9176383	0	1.017959	0.8653079	0.9471736	0	0.85695094	0	0.8397762	0.8113217	0.93681	0
12C16O_48h_50_P10_coass_bin.9	2.3558862	2.562638	1.9471405	2.7380235	1.8065759	1.7769184	1.3252324	1.2919227	0	1.6147227	0	0	1.6985285	1.3455968	1.530414	1.6455036	1.5946712	1.2408116	1.9712826	0	1.2366395	1.5965732	1.3622296	1.3987693
12C16O_24h_100_unf_Bacillus_megabin_40_7	0	0	0	0	0	0	0	0	0	0	0	0	1.8772758	1.7719078	0	1.1725482	0	1.5467083	0.9456869	0	0	0.6656388	0.7748849	1.0531379
12C16O_72h_100_P16_coass_bin.15	0	0	0	0	0	0	0	0	0	0	0	0	0	0	0	0	0	0	0	0	0	0	0	0
12C16O_168h_100_P08_coass_bin.7	0	0	0	0	0	0	0	0	0	0	0	0	0	0	0	0	0	0	0	0	0	0	0	0
H1-18-all-fractions_metab_conc_44.Gemmatimonadetes_61_12	0	0	0	0	0	0	0	0	0	0	0	0	0	0	0	0	0	0	0	0	0	0	0	0
H3-18-all-fractions_metab_conc_75.Burkholderiales_69_10	1.5459906	0	1.4206253	0	0	0	5.2004237	4.075198	6.964635	5.4174504	4.137866	3.7516484	3.5114157	3.6852765	2.3099842	5.3436923	2.7541487	6.1024113	4.1936355	4.073454	3.741449	5.711178	3.439453	5.788657
12C18O_168h_50_P09_coass_bin.15	0	0	0	0	0	0	0	0	0	0	0	0	0	0	0	0	0	0	0	0	0	0	0	0
12C18O_48h_100_P08_coass_bin.29	0	0	0	0	0	0	0	0	0	0	0	0	0	0	0	0	0	0	0	0	0	0	0	0
12C18O_168h_50_P10_coass_bin.26	0	0	0	0	0	0	0	0	0	0	0	0	0	0	0	0	0	0	0	0	0	0	0	0
12C16O_48h_50_unf_bin.44	0	0	0	0	0	0	1.1212635	0.9819028	1.3946558	1.5272332	1.0829337	1.346187	0	0	0	0	0	0.6445771	0.9629667	1.3502413	1.1880741	0.8112625	0.75471544	0.8081406
12C16O_0h_50_P13_coass_bin.12	2.601879	4.027794	4.062844	2.337752	3.7926283	4.208192	2.4569411	3.074266	3.084166	1.7952577	3.320015	3.3848836	2.5973322	3.3823442	3.480891	2.7018557	3.575516	3.4826336	2.0358162	3.8520513	3.7321572	2.430471	2.8441143	3.341491
12C16O_168h_50_P13_coass_bin.23	2.5939639	3.5903265	3.6118648	2.4005508	4.5386276	2.1391468	1.851175	2.0091798	2.352506	1.5202616	2.6693099	1.368609	2.1579	2.956646	2.5809846	2.0531456	2.24878	2.5796947	1.6856482	3.2029595	1.3806776	1.8982668	2.222885	2.6752653
H3-18-all-fractions_metab_conc_69.Acidobacteria_55_11	0	0	0	0	0	0	0	0	0	0	0	0	0	0	0	0	0	0	0	0	0	0	0	0
12C16O_168h_50_P10_coass_bin.27	0	0	0	0	0	0	0	0	0	0	1.5386868	0	0	0	0	0	0	0	0	1.7917765	0	0	0	0
12C16O_24h_100_P16_coass_bin.14	0	0	0	0	0	0	0	0	0	0	0	0	0	0	0	0	0	0	0	0	0	0	0	0
12C18O_72h_100_P16_coass_bin.5	0	0	0	0	0	0	0	0	0	0	0	0	0	0	0	0	0	0	0	0	0	0	0	0
12C18O_72h_100_P08_coass_bin.5	1.7084695	0	1.3266333	1.7877972	0	0	1.2431824	0	0	1.0630091	0	0	1.4911491	0	0	1.4256188	0	0	1.3141441	0	0	1.3743814	0	0
12C16O_168h_50_P10_coass_bin.1	1.26854	0	0.7273749	1.7946633	1.0307792	0	0.8270446	0	0	1.2816852	0.79826653	0	1.0364745	0.7454672	0	0.8787922	0	0.70871794	1.5639125	0.8255215	0	0.9244957	0	0
H2-18-all-fractions_metab_conc_39.Bacteria_66_9	0	0	0	0	0	0	0	0	0	0	0	0	0	0	0	0	0	0	0	0	0	0	0	0
12C16O_0h_50_unf_bin.20	0	0	0	0	1.1984559	1.0945728	0	0	0	0	0.6879599	0.6890751	0	0	0	0	0	0	0	0	0	0	0	0
12C16O_24h_100_unf_bin.43	0	0	0	0	0	0	0	0	0	0	0	0	0	0	0	0	0	0	0	0	0	0	0	0
H3-16-all-fractions_metab_25.Hyalangium_minutum_68_0	0	0	0	0	0	0	1.2942574	0.89392054	1.2466478	1.6050863	0	0.9329055	0	0	0	0	0	0	0.62244177	0	0	0	0	0
12C16O_72h_100_unf_bin.27	0	0	0	0	0	0	0	0	0	0	0	0	0	0	0	0	0	0	0	0	0	0	0	0
H1-18-all-fractions_conc_53.Chloroflexi_64_10	0	0	0	0	0	0	0	0	0	0	0	0	0	0	0	0	0	0	0	0	0	0	0	0
H3-18-all-fractions_metab_conc_100.Actinobacteria_71_31	5.7643933	6.510634	5.5076675	5.9477816	5.2027164	4.697166	2.8480422	2.6800106	2.6167889	2.982324	2.663225	2.6098373	3.9116633	3.5226102	3.3859973	3.5427678	3.7996118	3.2473874	3.6377652	3.2924454	3.0459056	3.5018556	2.9847329	3.5733187
12C16O_168h_100_unf_bin.9	0	0	0	0	0	0	0	0	0	0	0	0	0	0	0	0	0	0	0	0	0	0	0	0
12C18O_48h_100_P16_coass_bin.13	0	0	0	0	0	0	0	0	0	0	0	0	0	0	0	0	0	0	0	0	0	0	0	0
12C16O_24h_100_unf_bin.31	0	0	0	0	0	0	0	0	0	0	0	0	0	0	0	0	0	0	0	0	0	0	0	0
12C16O_168h_100_unf_bin.13	0	0	0	0	0	0	0	0	0	0	0	0	0	0	0	0	0	0	0	0	0	0	0	0
H2-16-all-fractions_metab_126.Actinobacteria_69_30	0	0	0	0	0	0	0	0	0	0	0	0	0	0	0	0	0	0	0	0	0	0	0	0
H3-16-all-fractions_metab_conc_31.Alphaproteobacteria_63_0	0	0	0	0	0	0	0	0	0	0	0	0	0	0	0	0	0	0	0	0	0	0	0	0
H1-16-all-fractions_metab_conc_51.Actinobacteria_75_17	0	0	0	0	1.2464178	0	0	0	0	0	0	0	0	0	0	0	0	0	0	0	0	0	0	0
12C16O_0h_50_P10_coass_bin.14	0.93168736	0	0.983573	1.4661165	1.5612254	0.86461556	1.3699181	1.2918288	1.2980393	1.7236056	1.8476868	0.91826296	1.4651996	1.3294779	1.7362498	1.4522027	1.354473	1.5265515	1.8211379	2.1224823	0.9289965	1.2371826	1.346563	1.3009334
12C16O_24h_100_P16_coass_bin.16	0	0	0	0	0	0	0	0	0	0	0	0	0	0	0	0	0	0	0	0	0	0	0	0
H2-16-all-fractions_metab_conc_119.Actinobacteria_73_28	0	0	0	0	0	0	0	0	0	0	0	0	0	0	0	0	0	0	0	0	0	0	0	0
12C16O_48h_50_P10_coass_bin.39	0	0	0	0	0	0	1.7468487	0.7885839	1.4689717	1.2408328	1.8060602	1.633105	0.6083914	0	0	1.0134023	0	0.90578413	0.6142778	2.2153075	1.3410686	1.2940372	0	0.907677
12C16O_168h_50_P13_coass_bin.21	0	0	0	0	0	0	0	0	0	0	0	0	0	0	0	0	0	0	0	0	0	0	0	0
12C16O_0h_50_P13_coass_bin.10	2.10195	1.9582505	1.9231409	1.9063828	2.1908808	1.8053921	1.6248225	1.2429196	1.5219467	1.3323364	1.4568627	1.2215534	2.2709846	1.9331443	1.591337	2.0791821	1.5565745	1.7521223	1.7151606	1.8686697	1.3043972	1.9587651	1.4865717	1.6885763
12C16O_72h_100_P08_coass_bin.6	0	0	0	0	0	0	0	0	0	0	0	0	0	0	0	0	0	0	0	0	0	0	0	0
12C18O_168h_50_P13_coass_bin.18	0	0	0	0	0	0	0	0	0	0	0	0	0	0	0	0	0	0	0	0	0	0	0	0
H2-16-all-fractions_metab_75.Sphingomonadales_65_38	0	0	0	0	0	0	2.0739653	1.5977744	2.4342542	2.3873224	1.1025243	1.8352847	0	0	0	1.1175631	1.0561098	1.2791731	1.2454064	0	1.400459	1.4329786	1.096026	1.3694085
12C18O_168h_100_P16_coass_bin.4	0	0	0	0	0	0	0	0	0	0	0	0	0	0	0	0	0	0	0	0	0	0	0	0
H1-16-all-fractions_conc_93.Chloroflexi_54_9	0	0	0	0	0	0	0	0	0	0	0	0	0	0	0	0	0	0	0	0	0	0	0	0
H2-18-all-fractions_metab_49.Bacteria_55_6	0	0	0	0	0	0	0	0	0	0	0	0	0	0	0	0	0	0	0	0	0	0	0	0
H2-16-all-fractions_metab_conc_101.Burkholderiales_63_22	0	0	0	0	0	0	1.1603009	0.7843932	1.2352273	1.0575067	1.0234767	0.8816861	1.1749785	1.3231348	0	1.520538	0	1.5288789	0.9905766	0.9892966	1.0213078	1.3608966	0.73281765	1.2309448
H3-16-all-fractions_metab_conc_87.Propionibacteriales_68_0	0	0	0	0	0	0	0	0	0	0	0	0	0	0	0	0	0	0	0	0	0	0	0	0
H1-18-all-fractions_metab_conc_103.Sphingomonadales_66_15	0	0	0	0	0	0	2.0745864	1.6618451	2.4836938	2.4917138	1.1035727	2.0246596	0	0	0	1.093396	1.0842696	1.2732917	1.2562244	0	1.4876649	1.4402294	1.1675955	1.3995321
12C16O_168h_100_P14_coass_bin.2	0	0	0	0	0	0	0	0	0	0	0	0	0	0	0	0	0	0	0	0	0	0	0	0
12C16O_72h_100_P14_coass_bin.28	0	0	0	0	0	0	0	0	0	0	0	0	0	0	0	0	0	0	0	0	0	0	0	0
12C16O_168h_100_P08_coass_bin.5	0	0	0	0	0	0	0	0	0	0	0	0	0	0	0	0	0	0	0	0	0	0	0	0
12C16O_168h_100_P08_coass_bin.31	1.1294631	1.1635112	0.8425477	1.073823	0	0	4.286694	2.8596466	2.3515801	4.1238575	1.486796	1.9765507	1.8997228	1.4369458	1.6525102	2.742871	2.0227506	1.9837075	2.6234617	1.6837444	1.6750144	2.9732158	1.8560623	1.4796317
H2-18-all-fractions_metab_conc_22.Proteobacteria_61_13	0	0	0	0	0	0	0	0	0	0	0	0	0	0	0	0	0	0	0	0	0	0	0	0
12C16O_72h_100_P16_coass_bin.38	0	0	0	0	0	0	0	0	0	0	0	0	0	0	0	0	0	0	0	0	0	0	0	0
12C18O_24h_100_P16_coass_bin.17	0	0	0	0	0	0	0	0	0	0	0	0	0	0	0	0	0	0	0	0	0	0	0	0
H2-18-all-fractions_metab_63.Massilia_66_19	0	0	0	0	0	0	0	0	0	0	0	0	0	0	0	0	0	1.390504	0	0	0	0	0	0
12C18O_168h_50_P13_coass_bin.20	0	0	0	0	0	0	0	0	0	0	0	0	0	0	0	0	0	0	0	0	0	0	0	0
12C18O_168h_50_P09_coass_bin.3	0	0	0	0	0	0	0.7066694	0	0	0.74222416	0	0	0.8662729	0	0	0.8001228	0	0	0.9257009	0	0	0.7102064	0	0
12C16O_0h_50_unf_bin.34	4.0788035	5.005691	3.7174997	4.6709104	4.744661	3.6682236	3.1337736	3.2446897	2.5708673	2.8634708	3.0381954	2.3427477	3.6288807	3.0514605	3.7036345	3.5577486	3.6858516	2.8736463	3.4151607	3.626199	2.607439	3.4547546	3.3732133	2.9000788
12C18O_72h_100_P14_coass_bin.10	0	0	0	0	0	0	0	0	0	0	0	0	0	0	0	0	0	0	0	0	0	0	0	0
12C16O_72h_100_P16_coass_bin.39	0	0	0	0	0	0	0	0	0	0	0	0	0	0	0	0	0	0	0	0	0	0	0	0
H3-16-all-fractions_metab_maxbC_136.Myxococcales_66_0	0	0	0	0	0	0	0	0	0	0	0	0	0	0	0	0	0	0	0	0	0	0	0	0
12C18O_168h_50_P13_coass_bin.21	0	0	0	0	0.71896255	0.80866677	0.7822105	0.84435314	0.95593536	0.5083814	1.4877925	1.7787577	0	0.5274694	0.6454222	0	0	0.6350723	0	1.1922988	1.4192803	0.60311264	0.68416846	0.69962627
12C18O_24h_100_P16_coass_bin.16	0	0	0	0	0	0	0	0	0	0	0	0	0	0	0	0	0	0	0	0	0	0	0	0
12C18O_168h_50_P10_coass_bin.25	0	0	0	0	0	0	0	0	0	0	0	0	0	0	0	0	0	0	0	0	0	0	0	0
H3-16-all-fractions_metab_47.Bacteria_61_0	0	0	0	0	0	0	0	0	0	0	0	0	0	0	0	0	0	0	0	0	0	0	0	0
12C16O_168h_100_P14_coass_bin.3	4.3432436	5.7640696	5.4634185	4.508475	4.837086	4.3791122	3.03248	3.3065073	3.35528	2.601212	2.947131	2.5784633	3.8276527	4.580108	4.1163616	3.5220587	3.8561645	3.986837	3.1453676	3.5558736	2.870139	3.3939822	3.7056623	4.2429633
H3-16-all-fractions_metab_conc_83.Actinobacteria_70_0	6.0431666	6.3897753	5.2361054	5.833484	4.555358	5.2374887	4.6751966	3.9667728	3.8291197	4.068712	3.039559	3.5314736	5.8237567	4.7988963	4.801822	5.360364	4.420576	4.1811333	4.8406467	3.6911979	3.6760032	5.2863445	4.360884	4.3554773
12C18O_168h_100_P16_coass_bin.28	0	0	0	0	0	0	0	0	0	0	0	0	0	0	0	0	0	0	0	0	0	0	0	0
12C16O_168h_50_P09_coass_bin.3	0	0	0	0	0	0	0	0	0	0	0	0	0	0	0	0	0	0	0	0	0	0	0	0
12C16O_48h_50_unf_bin.20	0	0	0	0	0	0	0	0	0	0	0	0	0	0	0	0	0	0	0	0	0	0	0	0
12C18O_168h_50_P09_coass_bin.16	0	0	0	0	0	0	0	0	0	0	0	0	0	0	0	0	0	0	0	0	0	0	0	0
H3-18-all-fractions_metab_conc_57.Acidobacteria_56_18	0	0	0	0	0	0	0	0	0	0	0	0	0	0	0	0	0	0	0	0	0	0	0	0
H3-16-all-fractions_metab_conc_32.Actinobacteria_69_0	0	0	0	0	0	1.8176286	0	0	0	0	0	0	0	0	0	0	0	0	1.2534722	0	1.3925377	0	0	0
12C16O_0h_50_P13_coass_bin.4	0	0	0	0	0.99281394	0	0	0	0	0	1.0271076	0.90943366	0	0	0	0	0	0.74977094	0	1.1766993	1.0274781	0	0	0.7313763
12C16O_168h_100_P08_coass_bin.27	10.633197	14.925532	14.685936	10.713172	13.389511	10.735145	7.240878	8.337654	8.972996	6.2008753	7.9676757	6.2558055	9.189659	12.473473	10.523845	8.524566	10.0346155	10.681614	7.5140505	9.651014	6.978051	8.158165	9.401144	11.412622
12C16O_48h_100_unf_bin.29	0	0	0	0	0	0	0	0	0	0	0	0	0	0	0	0	0	0	0	0	0	0	0	0
H2-16-all-fractions_metab_conc_33.Sphingomonadales_63_10	0	0	0	0	0	0	0	0	0	0	0	0	0	0	0	0	0	0	0	0	0	0	0	0
H3-16-all-fractions_metab_43.Acidobacteria_54_0	0	0	0	0	0	0	0	0	0	0	0	0	0	0	0	0	0	0	0	0	0	0	0	0
12C16O_168h_100_unf_bin.12	2.5218692	1.7233603	2.5560615	2.36672	2.2084851	2.4698215	3.706061	3.7031734	3.4087594	2.7685227	2.8788416	3.1929631	3.0206745	2.842497	3.6335726	3.0117695	3.2851574	2.770965	2.4057586	2.5252547	2.6881278	3.1263907	3.2233336	2.9850905
H3-18-all-fractions_metab_conc_70.Bacteria_59_10	0	0	0	0	0	0	0	0	0	0	0	0	0	0	0	0	0	0	0	0	0	0	0	0
12C16O_48h_50_P10_coass_bin.38	0	0	0	0	1.6470277	0	0	0	0	0	0	0	0	0	0	0	0	0	0	0	0	0	0	0
12C16O_168h_100_P16_coass_bin.27	0	0	0	0	0	0	0	0	0	0	0	0	0	0	0	0	0	0	0	0	0	0	0	0
12C16O_24h_100_P16_coass_bin.17	0	0	0	0	0	0	0	0	0	0	0	0	0	0	0	0	0	0	0	0	0	0	0	0
